iter	Passed	Remaining
0	3373	33736516
1	3398	16987929
2	3422	11406175
3	3448	8616611
4	3472	6941547
5	3499	5828736
6	3523	5029879
7	3547	4431315
8	3573	3966785
9	3595	3591633
10	3620	3287296
11	3642	3031720
12	3664	2815355
13	3686	2629677
14	3710	2470216
15	3734	2330509
16	3762	2209664
17	3788	2101082
18	3816	2004901
19	3838	1915531
20	3861	1834853
21	3883	1761348
22	3906	1694384
23	3929	1633494
24	3951	1576569
25	3975	1525120
26	3999	1477150
27	4021	1432109
28	4043	1390139
29	4067	1351657
30	4094	1316647
31	4117	1282634
32	4140	1250444
33	4162	1220206
34	4185	1191691
35	4211	1165680
36	4236	1140733
37	4264	1118042
38	4291	1096019
39	4316	1074715
40	4339	1054018
41	4361	1034206
42	4384	1015244
43	4405	996940
44	4428	979659
45	4450	963107
46	4474	947489
47	4495	931995
48	4517	917381
49	4540	903590
50	4563	890235
51	4585	877318
52	4608	864991
53	4632	853171
54	4654	841572
55	4677	830503
56	4699	819713
57	4721	809357
58	4744	799325
59	4774	791002
60	4805	782915
61	4832	774593
62	4854	765623
63	4878	757327
64	4901	749163
65	4927	741643
66	4950	733927
67	4974	726524
68	4998	719456
69	5021	712375
70	5045	705541
71	5068	698934
72	5097	693206
73	5121	686977
74	5144	680770
75	5169	675007
76	5199	670032
77	5225	664712
78	5250	659360
79	5273	653949
80	5296	648559
81	5327	644349
82	5349	639198
83	5373	634287
84	5397	629583
85	5420	624871
86	5444	620328
87	5470	616204
88	5497	612181
89	5522	608131
90	5561	605552
91	5593	602342
92	5617	598463
93	5640	594405
94	5663	590488
95	5687	586730
96	5710	583034
97	5733	579278
98	5756	575660
99	5778	572108
100	5802	568707
101	5825	565341
102	5850	562195
103	5874	558935
104	5896	555720
105	5919	552561
106	5941	549358
107	5970	546807
108	5996	544156
109	6023	541545
110	6047	538760
111	6069	535840
112	6098	533632
113	6121	530858
114	6151	528764
115	6176	526284
116	6206	524305
117	6229	521722
118	6254	519319
119	6276	516772
120	6300	514435
121	6326	512244
122	6352	510095
123	6374	507709
124	6398	505457
125	6422	503297
126	6445	501058
127	6472	499204
128	6495	497027
129	6520	495028
130	6542	492860
131	6569	491155
132	6592	489091
133	6620	487449
134	6642	485422
135	6670	483793
136	6693	481852
137	6715	479948
138	6738	478021
139	6760	476134
140	6783	474313
141	6806	472514
142	6828	470723
143	6850	468908
144	6873	467144
145	6896	465484
146	6919	463789
147	6941	462062
148	6963	460395
149	6986	458808
150	7014	457539
151	7037	455956
152	7062	454530
153	7099	453914
154	7123	452439
155	7152	451315
156	7174	449809
157	7197	448329
158	7219	446829
159	7242	445391
160	7264	443969
161	7286	442523
162	7309	441126
163	7339	440162
164	7366	439092
165	7389	437751
166	7411	436391
167	7434	435072
168	7456	433743
169	7478	432455
170	7500	431124
171	7522	429837
172	7544	428567
173	7566	427296
174	7588	426056
175	7611	424869
176	7635	423729
177	7657	422514
178	7679	421327
179	7702	420229
180	7725	419120
181	7748	418005
182	7770	416865
183	7793	415751
184	7815	414630
185	7843	413870
186	7866	412807
187	7888	411719
188	7910	410647
189	7933	409618
190	7956	408609
191	7979	407610
192	8003	406708
193	8026	405697
194	8048	404674
195	8072	403770
196	8099	403065
197	8124	402179
198	8147	401257
199	8169	400305
200	8192	399377
201	8214	398458
202	8237	397534
203	8259	396638
204	8282	395718
205	8306	394935
206	8328	394032
207	8350	393127
208	8374	392305
209	8396	391423
210	8418	390580
211	8447	390009
212	8470	389186
213	8493	388387
214	8514	387511
215	8538	386763
216	8560	385951
217	8583	385166
218	8606	384386
219	8629	383598
220	8651	382827
221	8685	382568
222	8718	382226
223	8741	381482
224	8763	380744
225	8786	379999
226	8808	379244
227	8830	378478
228	8853	377747
229	8875	377033
230	8898	376307
231	8921	375618
232	8944	374923
233	8967	374250
234	8990	373602
235	9015	372998
236	9038	372334
237	9061	371662
238	9082	370950
239	9105	370297
240	9127	369617
241	9149	368914
242	9171	368265
243	9194	367635
244	9217	366997
245	9239	366348
246	9262	365733
247	9285	365130
248	9308	364523
249	9330	363897
250	9353	363295
251	9375	362678
252	9398	362081
253	9420	361457
254	9443	360877
255	9466	360306
256	9489	359740
257	9513	359245
258	9536	358659
259	9558	358083
260	9581	357532
261	9604	356963
262	9626	356396
263	9648	355838
264	9671	355282
265	9693	354733
266	9716	354184
267	9738	353647
268	9761	353108
269	9784	352589
270	9806	352064
271	9829	351532
272	9851	350996
273	9873	350466
274	9895	349932
275	9917	349424
276	9940	348921
277	9963	348443
278	9986	347942
279	10010	347505
280	10033	347040
281	10056	346546
282	10078	346037
283	10100	345544
284	10122	345063
285	10145	344589
286	10167	344111
287	10189	343617
288	10212	343166
289	10235	342709
290	10263	342443
291	10285	341970
292	10308	341519
293	10331	341065
294	10354	340648
295	10377	340198
296	10399	339757
297	10422	339314
298	10445	338903
299	10467	338455
300	10490	338029
301	10513	337602
302	10534	337130
303	10554	336632
304	10577	336227
305	10600	335810
306	10622	335387
307	10644	334962
308	10666	334526
309	10694	334280
310	10717	333910
311	10741	333532
312	10764	333135
313	10787	332750
314	10809	332342
315	10837	332111
316	10864	331852
317	10887	331474
318	10908	331060
319	10931	330680
320	10954	330303
321	10977	329932
322	10999	329533
323	11021	329141
324	11045	328808
325	11067	328440
326	11089	328046
327	11112	327679
328	11134	327310
329	11157	326938
330	11180	326597
331	11202	326233
332	11226	325891
333	11247	325516
334	11278	325388
335	11301	325050
336	11324	324700
337	11346	324350
338	11368	323988
339	11391	323650
340	11414	323321
341	11436	322963
342	11458	322612
343	11480	322266
344	11503	321930
345	11526	321600
346	11550	321326
347	11573	320989
348	11595	320663
349	11617	320321
350	11641	320015
351	11664	319716
352	11688	319435
353	11711	319123
354	11736	318864
355	11767	318774
356	11795	318621
357	11817	318285
358	11839	317943
359	11865	317736
360	11891	317521
361	11914	317222
362	11937	316924
363	11966	316782
364	11989	316489
365	12012	316196
366	12034	315883
367	12057	315601
368	12081	315327
369	12104	315039
370	12126	314737
371	12149	314450
372	12184	314489
373	12205	314154
374	12227	313846
375	12250	313572
376	12274	313301
377	12296	313007
378	12318	312717
379	12342	312454
380	12365	312176
381	12388	311907
382	12410	311623
383	12438	311483
384	12461	311210
385	12483	310934
386	12505	310639
387	12528	310374
388	12551	310104
389	12573	309825
390	12595	309536
391	12617	309268
392	12640	308989
393	12661	308704
394	12683	308429
395	12706	308172
396	12729	307906
397	12751	307640
398	12774	307396
399	12796	307120
400	12820	306882
401	12842	306628
402	12865	306369
403	12886	306095
404	12908	305830
405	12931	305578
406	12954	305332
407	12977	305086
408	13000	304857
409	13022	304605
410	13046	304381
411	13068	304123
412	13095	303981
413	13116	303718
414	13139	303475
415	13161	303211
416	13182	302955
417	13205	302715
418	13227	302467
419	13249	302222
420	13272	301990
421	13295	301753
422	13316	301497
423	13339	301278
424	13362	301053
425	13385	300832
426	13408	300602
427	13430	300356
428	13452	300118
429	13481	300032
430	13504	299814
431	13526	299585
432	13549	299363
433	13571	299133
434	13593	298895
435	13617	298718
436	13639	298482
437	13661	298238
438	13682	298000
439	13704	297761
440	13726	297540
441	13748	297307
442	13769	297053
443	13792	296846
444	13814	296619
445	13836	296388
446	13858	296176
447	13880	295946
448	13902	295721
449	13923	295490
450	13945	295272
451	13967	295050
452	13999	295045
453	14023	294864
454	14044	294632
455	14068	294448
456	14090	294233
457	14113	294047
458	14136	293847
459	14158	293636
460	14180	293428
461	14202	293204
462	14223	292986
463	14245	292777
464	14267	292552
465	14290	292368
466	14312	292158
467	14334	291957
468	14355	291741
469	14377	291529
470	14399	291328
471	14421	291123
472	14444	290927
473	14465	290719
474	14494	290660
475	14516	290449
476	14538	290244
477	14560	290059
478	14583	289869
479	14605	289667
480	14626	289460
481	14647	289242
482	14671	289081
483	14693	288889
484	14715	288690
485	14738	288517
486	14759	288314
487	14781	288117
488	14803	287921
489	14824	287719
490	14847	287545
491	14875	287474
492	14898	287298
493	14920	287117
494	14943	286937
495	14965	286755
496	14986	286560
497	15008	286370
498	15030	286189
499	15058	286112
500	15079	285912
501	15101	285729
502	15123	285537
503	15144	285333
504	15165	285132
505	15187	284956
506	15210	284800
507	15232	284623
508	15255	284450
509	15277	284273
510	15299	284105
511	15322	283942
512	15344	283772
513	15366	283588
514	15388	283412
515	15409	283230
516	15431	283055
517	15453	282884
518	15475	282708
519	15498	282544
520	15519	282367
521	15542	282201
522	15563	282026
523	15585	281851
524	15607	281686
525	15636	281643
526	15665	281595
527	15688	281439
528	15709	281254
529	15730	281065
530	15755	280961
531	15780	280845
532	15802	280676
533	15823	280497
534	15846	280344
535	15867	280175
536	15890	280016
537	15911	279846
538	15933	279685
539	15955	279521
540	15977	279363
541	16000	279209
542	16022	279048
543	16044	278893
544	16073	278844
545	16096	278718
546	16118	278554
547	16141	278404
548	16174	278447
549	16201	278363
550	16222	278193
551	16250	278138
552	16272	277978
553	16293	277817
554	16320	277739
555	16344	277625
556	16367	277482
557	16389	277322
558	16411	277168
559	16433	277017
560	16455	276865
561	16477	276712
562	16504	276640
563	16525	276482
564	16548	276339
565	16570	276194
566	16593	276056
567	16614	275902
568	16636	275738
569	16657	275586
570	16678	275412
571	16701	275276
572	16723	275132
573	16745	274981
574	16767	274836
575	16789	274690
576	16811	274552
577	16834	274413
578	16856	274279
579	16879	274139
580	16900	273992
581	16922	273849
582	16945	273714
583	16967	273567
584	16989	273423
585	17010	273276
586	17032	273133
587	17054	272983
588	17076	272842
589	17097	272695
590	17120	272562
591	17141	272412
592	17162	272260
593	17183	272106
594	17206	271983
595	17230	271866
596	17251	271725
597	17274	271598
598	17295	271446
599	17316	271291
600	17339	271179
601	17361	271031
602	17383	270901
603	17411	270852
604	17433	270716
605	17455	270582
606	17476	270436
607	17498	270300
608	17520	270166
609	17552	270194
610	17577	270100
611	17598	269960
612	17623	269876
613	17645	269741
614	17677	269767
615	17707	269754
616	17729	269617
617	17751	269489
618	17773	269357
619	17794	269213
620	17816	269083
621	17838	268953
622	17861	268835
623	17883	268709
624	17905	268581
625	17927	268455
626	17948	268314
627	17970	268180
628	17991	268042
629	18013	267916
630	18036	267800
631	18058	267684
632	18081	267560
633	18102	267429
634	18124	267303
635	18147	267190
636	18173	267126
637	18198	267037
638	18218	266895
639	18240	266772
640	18269	266740
641	18291	266619
642	18312	266484
643	18334	266357
644	18355	266230
645	18377	266101
646	18399	265978
647	18421	265855
648	18443	265743
649	18474	265742
650	18496	265628
651	18518	265503
652	18539	265372
653	18561	265251
654	18583	265134
655	18605	265017
656	18627	264890
657	18648	264763
658	18670	264642
659	18692	264523
660	18722	264522
661	18745	264421
662	18767	264295
663	18789	264182
664	18812	264079
665	18835	263977
666	18864	263954
667	18886	263847
668	18907	263720
669	18929	263594
670	18950	263476
671	18972	263361
672	18994	263242
673	19016	263130
674	19039	263030
675	19061	262909
676	19083	262801
677	19104	262679
678	19125	262550
679	19147	262434
680	19176	262417
681	19206	262412
682	19233	262362
683	19254	262239
684	19276	262125
685	19297	262001
686	19320	261902
687	19342	261798
688	19363	261677
689	19387	261590
690	19409	261476
691	19432	261378
692	19453	261259
693	19475	261144
694	19496	261024
695	19518	260916
696	19540	260809
697	19561	260695
698	19584	260588
699	19605	260471
700	19629	260395
701	19651	260287
702	19674	260187
703	19696	260077
704	19719	259987
705	19742	259892
706	19764	259796
707	19787	259695
708	19809	259589
709	19831	259480
710	19854	259399
711	19878	259314
712	19901	259218
713	19923	259113
714	19945	259013
715	19968	258924
716	19990	258822
717	20013	258723
718	20035	258617
719	20057	258512
720	20079	258419
721	20101	258312
722	20123	258206
723	20145	258104
724	20166	257997
725	20188	257885
726	20210	257782
727	20232	257685
728	20254	257584
729	20276	257483
730	20298	257388
731	20321	257292
732	20343	257187
733	20365	257095
734	20388	257004
735	20410	256907
736	20432	256802
737	20453	256699
738	20476	256604
739	20498	256503
740	20520	256404
741	20541	256303
742	20564	256206
743	20586	256115
744	20607	256006
745	20630	255923
746	20652	255817
747	20674	255723
748	20696	255624
749	20718	255522
750	20738	255408
751	20759	255291
752	20782	255208
753	20804	255116
754	20827	255030
755	20849	254934
756	20871	254844
757	20894	254752
758	20915	254650
759	20938	254562
760	20960	254477
761	20982	254378
762	21005	254292
763	21026	254189
764	21047	254077
765	21069	253983
766	21090	253885
767	21112	253791
768	21134	253696
769	21156	253600
770	21179	253519
771	21200	253418
772	21222	253328
773	21244	253233
774	21266	253144
775	21289	253054
776	21310	252961
777	21333	252873
778	21355	252781
779	21376	252682
780	21399	252597
781	21421	252515
782	21443	252414
783	21465	252324
784	21487	252235
785	21509	252150
786	21531	252063
787	21553	251966
788	21575	251883
789	21596	251782
790	21620	251705
791	21647	251678
792	21669	251590
793	21691	251498
794	21713	251417
795	21736	251336
796	21757	251240
797	21780	251159
798	21802	251073
799	21824	250984
800	21846	250892
801	21868	250807
802	21890	250721
803	21912	250631
804	21934	250548
805	21956	250461
806	21979	250376
807	22000	250281
808	22022	250198
809	22044	250114
810	22067	250031
811	22091	249970
812	22113	249884
813	22135	249796
814	22157	249708
815	22179	249631
816	22201	249540
817	22223	249460
818	22246	249384
819	22270	249316
820	22292	249232
821	22314	249151
822	22336	249064
823	22357	248972
824	22379	248889
825	22401	248802
826	22424	248732
827	22447	248655
828	22473	248619
829	22499	248582
830	22521	248500
831	22542	248406
832	22565	248323
833	22587	248241
834	22609	248162
835	22631	248083
836	22654	248004
837	22678	247946
838	22701	247876
839	22724	247800
840	22747	247738
841	22772	247681
842	22794	247600
843	22818	247539
844	22841	247466
845	22863	247386
846	22886	247322
847	22909	247251
848	22932	247179
849	22955	247108
850	22984	247100
851	23007	247031
852	23030	246962
853	23051	246871
854	23073	246787
855	23095	246714
856	23117	246630
857	23140	246565
858	23162	246481
859	23183	246395
860	23209	246352
861	23231	246280
862	23254	246209
863	23274	246110
864	23296	246025
865	23321	245979
866	23360	246076
867	23386	246048
868	23421	246100
869	23444	246034
870	23467	245967
871	23491	245901
872	23514	245839
873	23537	245775
874	23561	245709
875	23585	245654
876	23609	245599
877	23631	245520
878	23654	245449
879	23677	245380
880	23699	245307
881	23727	245289
882	23750	245224
883	23774	245164
884	23796	245089
885	23821	245039
886	23843	244971
887	23866	244901
888	23890	244840
889	23911	244756
890	23933	244675
891	23956	244615
892	23979	244548
893	24003	244488
894	24026	244427
895	24050	244370
896	24074	244314
897	24095	244231
898	24117	244153
899	24139	244074
900	24166	244056
901	24190	243993
902	24214	243945
903	24237	243871
904	24259	243798
905	24281	243727
906	24305	243671
907	24327	243591
908	24351	243539
909	24380	243536
910	24404	243486
911	24429	243434
912	24452	243375
913	24476	243317
914	24499	243252
915	24520	243170
916	24545	243122
917	24577	243152
918	24599	243076
919	24621	243002
920	24644	242935
921	24665	242859
922	24688	242793
923	24712	242735
924	24734	242665
925	24757	242604
926	24781	242545
927	24804	242486
928	24827	242424
929	24850	242362
930	24873	242300
931	24897	242246
932	24921	242187
933	24944	242124
934	24968	242074
935	24992	242019
936	25015	241958
937	25038	241901
938	25063	241851
939	25086	241789
940	25110	241733
941	25131	241659
942	25153	241584
943	25177	241531
944	25200	241475
945	25222	241402
946	25244	241328
947	25267	241271
948	25291	241210
949	25317	241178
950	25341	241126
951	25364	241068
952	25387	241009
953	25410	240950
954	25433	240887
955	25462	240878
956	25484	240806
957	25505	240735
958	25528	240673
959	25551	240610
960	25575	240560
961	25598	240496
962	25621	240440
963	25643	240365
964	25664	240289
965	25686	240217
966	25714	240207
967	25738	240150
968	25761	240096
969	25785	240048
970	25811	240010
971	25834	239948
972	25855	239875
973	25883	239862
974	25907	239807
975	25930	239753
976	25952	239683
977	25975	239625
978	25997	239555
979	26019	239482
980	26044	239441
981	26070	239412
982	26092	239345
983	26114	239274
984	26136	239210
985	26158	239142
986	26180	239076
987	26203	239018
988	26226	238951
989	26249	238893
990	26272	238842
991	26298	238804
992	26325	238784
993	26347	238720
994	26370	238660
995	26394	238607
996	26427	238645
997	26451	238595
998	26474	238532
999	26497	238478
1000	26520	238423
1001	26547	238396
1002	26575	238387
1003	26599	238336
1004	26622	238282
1005	26644	238212
1006	26667	238155
1007	26690	238098
1008	26711	238023
1009	26737	237993
1010	26762	237946
1011	26785	237889
1012	26808	237833
1013	26831	237779
1014	26862	237795
1015	26886	237746
1016	26918	237765
1017	26948	237775
1018	26972	237723
1019	26995	237668
1020	27019	237615
1021	27041	237553
1022	27065	237505
1023	27087	237438
1024	27114	237420
1025	27136	237354
1026	27158	237286
1027	27182	237234
1028	27206	237187
1029	27228	237129
1030	27251	237066
1031	27273	237006
1032	27295	236936
1033	27317	236876
1034	27340	236820
1035	27371	236835
1036	27403	236854
1037	27426	236796
1038	27448	236732
1039	27472	236687
1040	27497	236650
1041	27528	236663
1042	27551	236606
1043	27575	236555
1044	27598	236500
1045	27621	236449
1046	27645	236400
1047	27668	236345
1048	27691	236288
1049	27714	236235
1050	27737	236178
1051	27764	236155
1052	27792	236141
1053	27815	236091
1054	27839	236042
1055	27860	235967
1056	27883	235911
1057	27906	235860
1058	27929	235807
1059	27953	235760
1060	27977	235712
1061	28002	235671
1062	28026	235625
1063	28049	235573
1064	28073	235528
1065	28096	235469
1066	28119	235420
1067	28142	235368
1068	28166	235319
1069	28189	235267
1070	28214	235228
1071	28243	235220
1072	28266	235169
1073	28289	235115
1074	28311	235048
1075	28333	234990
1076	28357	234945
1077	28381	234895
1078	28404	234844
1079	28428	234794
1080	28453	234758
1081	28476	234710
1082	28497	234640
1083	28519	234574
1084	28543	234527
1085	28566	234480
1086	28589	234421
1087	28610	234355
1088	28633	234297
1089	28656	234251
1090	28680	234199
1091	28711	234210
1092	28733	234153
1093	28755	234095
1094	28777	234028
1095	28799	233972
1096	28821	233910
1097	28845	233863
1098	28867	233802
1099	28888	233731
1100	28910	233671
1101	28933	233618
1102	28960	233599
1103	28987	233578
1104	29011	233537
1105	29035	233491
1106	29059	233445
1107	29081	233383
1108	29103	233328
1109	29126	233273
1110	29149	233223
1111	29171	233162
1112	29194	233112
1113	29216	233049
1114	29240	233009
1115	29263	232953
1116	29285	232896
1117	29308	232845
1118	29331	232787
1119	29353	232735
1120	29377	232685
1121	29400	232637
1122	29423	232583
1123	29446	232536
1124	29469	232484
1125	29492	232431
1126	29514	232374
1127	29538	232328
1128	29561	232280
1129	29585	232232
1130	29610	232195
1131	29633	232144
1132	29659	232117
1133	29682	232068
1134	29706	232021
1135	29728	231964
1136	29750	231909
1137	29774	231860
1138	29798	231818
1139	29821	231767
1140	29844	231718
1141	29866	231664
1142	29889	231608
1143	29912	231558
1144	29935	231512
1145	29958	231462
1146	29980	231400
1147	30004	231356
1148	30026	231302
1149	30050	231256
1150	30072	231199
1151	30093	231137
1152	30116	231084
1153	30139	231036
1154	30163	230994
1155	30187	230947
1156	30209	230894
1157	30233	230853
1158	30257	230809
1159	30280	230757
1160	30304	230712
1161	30326	230661
1162	30350	230618
1163	30374	230571
1164	30399	230542
1165	30422	230493
1166	30445	230444
1167	30469	230399
1168	30493	230354
1169	30516	230308
1170	30540	230269
1171	30563	230214
1172	30586	230165
1173	30609	230116
1174	30632	230069
1175	30656	230026
1176	30678	229971
1177	30700	229911
1178	30722	229855
1179	30745	229810
1180	30768	229760
1181	30792	229719
1182	30815	229673
1183	30837	229612
1184	30858	229551
1185	30881	229504
1186	30906	229466
1187	30927	229401
1188	30949	229347
1189	30971	229295
1190	30995	229251
1191	31018	229207
1192	31042	229159
1193	31064	229109
1194	31086	229052
1195	31108	228995
1196	31130	228943
1197	31153	228892
1198	31175	228833
1199	31196	228775
1200	31218	228719
1201	31241	228670
1202	31264	228620
1203	31290	228595
1204	31315	228563
1205	31337	228505
1206	31360	228460
1207	31382	228408
1208	31404	228352
1209	31425	228288
1210	31447	228238
1211	31473	228208
1212	31495	228152
1213	31515	228088
1214	31538	228036
1215	31561	227988
1216	31584	227945
1217	31606	227891
1218	31629	227843
1219	31651	227789
1220	31673	227734
1221	31695	227678
1222	31716	227620
1223	31739	227572
1224	31763	227531
1225	31787	227492
1226	31812	227455
1227	31835	227408
1228	31858	227364
1229	31882	227321
1230	31905	227275
1231	31929	227239
1232	31953	227199
1233	31977	227157
1234	32001	227117
1235	32024	227074
1236	32054	227075
1237	32077	227027
1238	32099	226974
1239	32120	226916
1240	32144	226873
1241	32167	226829
1242	32191	226790
1243	32213	226735
1244	32236	226689
1245	32260	226653
1246	32283	226608
1247	32307	226569
1248	32331	226527
1249	32355	226487
1250	32379	226449
1251	32405	226421
1252	32427	226369
1253	32449	226318
1254	32473	226281
1255	32497	226242
1256	32520	226191
1257	32542	226144
1258	32565	226097
1259	32588	226052
1260	32612	226012
1261	32644	226030
1262	32669	225994
1263	32702	226018
1264	32729	226003
1265	32752	225957
1266	32774	225902
1267	32797	225857
1268	32819	225808
1269	32842	225761
1270	32864	225704
1271	32886	225652
1272	32907	225593
1273	32929	225544
1274	32951	225488
1275	32972	225430
1276	32995	225387
1277	33018	225343
1278	33040	225290
1279	33063	225242
1280	33085	225190
1281	33106	225133
1282	33127	225077
1283	33149	225025
1284	33170	224968
1285	33194	224925
1286	33215	224867
1287	33237	224814
1288	33263	224790
1289	33290	224774
1290	33312	224725
1291	33335	224676
1292	33356	224623
1293	33378	224572
1294	33402	224529
1295	33425	224488
1296	33448	224442
1297	33476	224431
1298	33499	224385
1299	33522	224341
1300	33543	224288
1301	33564	224230
1302	33587	224181
1303	33609	224130
1304	33631	224083
1305	33671	224147
1306	33694	224106
1307	33718	224065
1308	33741	224027
1309	33763	223975
1310	33786	223927
1311	33813	223912
1312	33837	223873
1313	33863	223848
1314	33888	223815
1315	33911	223775
1316	33935	223735
1317	33955	223676
1318	33976	223615
1319	33999	223573
1320	34022	223527
1321	34045	223486
1322	34066	223430
1323	34088	223375
1324	34109	223320
1325	34130	223266
1326	34152	223211
1327	34175	223167
1328	34197	223119
1329	34221	223086
1330	34252	223090
1331	34275	223047
1332	34296	222992
1333	34318	222941
1334	34341	222895
1335	34363	222848
1336	34387	222813
1337	34425	222864
1338	34450	222836
1339	34479	222828
1340	34504	222799
1341	34527	222756
1342	34549	222708
1343	34573	222670
1344	34596	222624
1345	34617	222572
1346	34646	222568
1347	34668	222518
1348	34691	222470
1349	34714	222430
1350	34736	222377
1351	34757	222324
1352	34779	222276
1353	34802	222234
1354	34825	222187
1355	34846	222135
1356	34869	222091
1357	34891	222042
1358	34912	221983
1359	34933	221933
1360	34970	221978
1361	34994	221940
1362	35017	221898
1363	35040	221854
1364	35063	221812
1365	35087	221773
1366	35110	221733
1367	35133	221688
1368	35155	221643
1369	35179	221603
1370	35201	221557
1371	35223	221507
1372	35246	221464
1373	35268	221418
1374	35291	221374
1375	35315	221340
1376	35337	221289
1377	35360	221244
1378	35383	221201
1379	35405	221158
1380	35427	221107
1381	35449	221061
1382	35482	221079
1383	35507	221048
1384	35535	221036
1385	35556	220982
1386	35578	220932
1387	35602	220899
1388	35627	220872
1389	35649	220820
1390	35672	220778
1391	35694	220732
1392	35716	220686
1393	35739	220643
1394	35761	220595
1395	35785	220557
1396	35807	220508
1397	35828	220457
1398	35851	220412
1399	35874	220369
1400	35898	220336
1401	35920	220289
1402	35948	220280
1403	35970	220229
1404	35993	220188
1405	36018	220158
1406	36042	220124
1407	36073	220133
1408	36107	220153
1409	36130	220112
1410	36152	220066
1411	36179	220049
1412	36202	220007
1413	36224	219959
1414	36246	219914
1415	36269	219872
1416	36292	219828
1417	36314	219779
1418	36336	219732
1419	36358	219684
1420	36381	219647
1421	36410	219640
1422	36439	219638
1423	36463	219602
1424	36488	219569
1425	36511	219532
1426	36534	219486
1427	36557	219447
1428	36581	219411
1429	36604	219371
1430	36627	219331
1431	36649	219285
1432	36672	219239
1433	36699	219223
1434	36723	219187
1435	36746	219146
1436	36770	219111
1437	36792	219067
1438	36815	219027
1439	36839	218987
1440	36869	218989
1441	36891	218945
1442	36917	218919
1443	36941	218883
1444	36962	218833
1445	36984	218785
1446	37012	218775
1447	37035	218735
1448	37066	218741
1449	37088	218695
1450	37113	218664
1451	37138	218634
1452	37162	218599
1453	37185	218561
1454	37208	218522
1455	37231	218480
1456	37254	218439
1457	37277	218400
1458	37300	218356
1459	37324	218320
1460	37347	218282
1461	37371	218245
1462	37393	218199
1463	37416	218161
1464	37439	218123
1465	37464	218093
1466	37489	218064
1467	37512	218023
1468	37534	217975
1469	37557	217934
1470	37580	217896
1471	37603	217854
1472	37626	217812
1473	37650	217777
1474	37672	217734
1475	37696	217699
1476	37717	217650
1477	37741	217611
1478	37765	217576
1479	37794	217572
1480	37816	217529
1481	37839	217488
1482	37863	217451
1483	37887	217416
1484	37910	217378
1485	37934	217342
1486	37958	217311
1487	37983	217284
1488	38013	217279
1489	38036	217242
1490	38060	217205
1491	38083	217168
1492	38105	217122
1493	38128	217083
1494	38151	217041
1495	38173	216998
1496	38197	216965
1497	38221	216929
1498	38244	216887
1499	38267	216851
1500	38291	216814
1501	38316	216786
1502	38343	216769
1503	38374	216776
1504	38403	216769
1505	38427	216737
1506	38452	216706
1507	38479	216689
1508	38502	216648
1509	38531	216646
1510	38555	216612
1511	38579	216576
1512	38602	216538
1513	38625	216497
1514	38647	216452
1515	38670	216414
1516	38694	216377
1517	38716	216334
1518	38739	216291
1519	38761	216250
1520	38785	216212
1521	38807	216168
1522	38828	216119
1523	38850	216072
1524	38872	216030
1525	38896	215994
1526	38920	215959
1527	38943	215920
1528	38968	215892
1529	38991	215853
1530	39014	215817
1531	39038	215782
1532	39060	215735
1533	39081	215688
1534	39103	215641
1535	39125	215599
1536	39148	215560
1537	39172	215526
1538	39195	215483
1539	39218	215446
1540	39242	215411
1541	39265	215372
1542	39288	215333
1543	39310	215292
1544	39333	215250
1545	39362	215246
1546	39385	215207
1547	39408	215168
1548	39432	215135
1549	39456	215101
1550	39482	215077
1551	39506	215043
1552	39530	215013
1553	39553	214974
1554	39576	214933
1555	39600	214898
1556	39622	214856
1557	39644	214810
1558	39673	214805
1559	39703	214807
1560	39733	214807
1561	39756	214768
1562	39779	214730
1563	39803	214692
1564	39827	214659
1565	39850	214620
1566	39879	214613
1567	39902	214576
1568	39925	214537
1569	39955	214539
1570	39979	214504
1571	40002	214465
1572	40024	214424
1573	40048	214388
1574	40071	214348
1575	40094	214314
1576	40117	214273
1577	40141	214241
1578	40163	214198
1579	40187	214164
1580	40210	214128
1581	40234	214091
1582	40257	214053
1583	40280	214017
1584	40304	213981
1585	40328	213949
1586	40350	213908
1587	40374	213871
1588	40398	213839
1589	40421	213804
1590	40445	213769
1591	40469	213735
1592	40491	213694
1593	40512	213645
1594	40534	213602
1595	40558	213566
1596	40581	213529
1597	40605	213493
1598	40626	213450
1599	40650	213414
1600	40672	213373
1601	40695	213333
1602	40718	213295
1603	40741	213260
1604	40765	213224
1605	40788	213186
1606	40811	213146
1607	40834	213111
1608	40859	213081
1609	40882	213047
1610	40904	213003
1611	40926	212957
1612	40948	212917
1613	40972	212884
1614	40995	212847
1615	41020	212819
1616	41043	212779
1617	41065	212738
1618	41088	212702
1619	41111	212661
1620	41141	212663
1621	41165	212628
1622	41189	212596
1623	41217	212583
1624	41239	212541
1625	41262	212504
1626	41286	212472
1627	41308	212431
1628	41332	212397
1629	41355	212360
1630	41379	212327
1631	41402	212291
1632	41426	212254
1633	41448	212215
1634	41472	212183
1635	41497	212152
1636	41519	212110
1637	41541	212068
1638	41563	212024
1639	41586	211990
1640	41608	211948
1641	41631	211910
1642	41652	211864
1643	41676	211828
1644	41699	211791
1645	41721	211752
1646	41745	211717
1647	41769	211685
1648	41794	211657
1649	41817	211622
1650	41840	211586
1651	41862	211544
1652	41885	211505
1653	41908	211467
1654	41930	211427
1655	41954	211393
1656	41982	211383
1657	42005	211345
1658	42030	211317
1659	42052	211278
1660	42075	211240
1661	42098	211200
1662	42120	211158
1663	42143	211122
1664	42166	211086
1665	42190	211051
1666	42212	211013
1667	42236	210979
1668	42259	210942
1669	42283	210910
1670	42306	210872
1671	42329	210837
1672	42351	210797
1673	42375	210764
1674	42398	210724
1675	42422	210692
1676	42444	210654
1677	42467	210616
1678	42493	210595
1679	42517	210564
1680	42543	210539
1681	42566	210501
1682	42588	210461
1683	42611	210426
1684	42633	210386
1685	42657	210351
1686	42679	210313
1687	42702	210275
1688	42726	210243
1689	42748	210201
1690	42772	210171
1691	42795	210133
1692	42818	210098
1693	42841	210058
1694	42864	210023
1695	42888	209993
1696	42912	209960
1697	42935	209922
1698	42957	209881
1699	42978	209836
1700	43001	209802
1701	43024	209761
1702	43046	209722
1703	43068	209680
1704	43091	209645
1705	43114	209609
1706	43138	209577
1707	43162	209547
1708	43185	209511
1709	43208	209472
1710	43232	209439
1711	43256	209407
1712	43279	209371
1713	43302	209337
1714	43325	209300
1715	43348	209267
1716	43373	209237
1717	43406	209250
1718	43429	209213
1719	43451	209175
1720	43474	209135
1721	43497	209102
1722	43519	209060
1723	43542	209025
1724	43570	209011
1725	43592	208971
1726	43620	208960
1727	43644	208926
1728	43679	208948
1729	43701	208907
1730	43723	208868
1731	43746	208830
1732	43769	208793
1733	43792	208757
1734	43815	208722
1735	43837	208681
1736	43860	208646
1737	43883	208613
1738	43909	208588
1739	43932	208550
1740	43953	208506
1741	43985	208515
1742	44013	208502
1743	44037	208469
1744	44060	208434
1745	44085	208409
1746	44107	208368
1747	44129	208328
1748	44152	208293
1749	44176	208261
1750	44199	208225
1751	44223	208192
1752	44247	208162
1753	44271	208131
1754	44293	208091
1755	44316	208053
1756	44351	208076
1757	44380	208066
1758	44403	208031
1759	44426	207997
1760	44449	207959
1761	44472	207923
1762	44494	207887
1763	44518	207855
1764	44540	207815
1765	44564	207783
1766	44589	207756
1767	44613	207724
1768	44636	207689
1769	44658	207650
1770	44681	207615
1771	44704	207580
1772	44727	207544
1773	44749	207501
1774	44771	207460
1775	44794	207424
1776	44817	207391
1777	44839	207349
1778	44862	207313
1779	44884	207276
1780	44908	207244
1781	44931	207210
1782	44954	207174
1783	44978	207144
1784	45002	207112
1785	45026	207079
1786	45048	207043
1787	45071	207005
1788	45092	206961
1789	45115	206926
1790	45140	206902
1791	45164	206868
1792	45186	206830
1793	45209	206793
1794	45239	206790
1795	45262	206755
1796	45284	206714
1797	45313	206707
1798	45336	206670
1799	45359	206637
1800	45383	206608
1801	45406	206569
1802	45429	206535
1803	45452	206502
1804	45476	206470
1805	45498	206431
1806	45522	206401
1807	45546	206372
1808	45570	206340
1809	45592	206299
1810	45615	206263
1811	45637	206226
1812	45661	206193
1813	45684	206159
1814	45708	206127
1815	45730	206088
1816	45752	206050
1817	45776	206018
1818	45799	205985
1819	45824	205956
1820	45848	205927
1821	45872	205897
1822	45895	205860
1823	45918	205829
1824	45941	205794
1825	45966	205765
1826	45989	205731
1827	46012	205695
1828	46036	205664
1829	46059	205630
1830	46082	205596
1831	46105	205563
1832	46128	205526
1833	46151	205491
1834	46174	205456
1835	46197	205423
1836	46221	205391
1837	46244	205356
1838	46268	205326
1839	46290	205288
1840	46313	205253
1841	46335	205214
1842	46357	205173
1843	46379	205137
1844	46402	205102
1845	46426	205070
1846	46449	205038
1847	46473	205008
1848	46498	204979
1849	46521	204947
1850	46550	204936
1851	46571	204896
1852	46595	204865
1853	46620	204838
1854	46648	204824
1855	46682	204840
1856	46713	204839
1857	46747	204853
1858	46779	204857
1859	46808	204849
1860	46840	204856
1861	46875	204873
1862	46898	204838
1863	46923	204810
1864	46944	204768
1865	46967	204734
1866	46991	204705
1867	47015	204673
1868	47038	204637
1869	47067	204630
1870	47090	204597
1871	47115	204567
1872	47143	204557
1873	47167	204525
1874	47189	204487
1875	47212	204451
1876	47235	204418
1877	47257	204380
1878	47280	204346
1879	47303	204310
1880	47328	204284
1881	47352	204256
1882	47376	204226
1883	47400	204194
1884	47427	204177
1885	47455	204163
1886	47484	204154
1887	47508	204124
1888	47532	204094
1889	47554	204058
1890	47581	204038
1891	47614	204045
1892	47636	204008
1893	47660	203980
1894	47682	203938
1895	47704	203902
1896	47726	203864
1897	47750	203832
1898	47773	203799
1899	47798	203772
1900	47821	203736
1901	47845	203709
1902	47869	203676
1903	47898	203668
1904	47921	203635
1905	47950	203624
1906	47975	203598
1907	47997	203563
1908	48020	203528
1909	48043	203495
1910	48070	203474
1911	48092	203438
1912	48116	203407
1913	48141	203382
1914	48164	203347
1915	48188	203316
1916	48211	203281
1917	48233	203245
1918	48256	203211
1919	48280	203180
1920	48304	203150
1921	48328	203121
1922	48351	203084
1923	48373	203048
1924	48396	203014
1925	48424	203000
1926	48447	202967
1927	48470	202932
1928	48491	202891
1929	48515	202858
1930	48537	202821
1931	48560	202786
1932	48582	202751
1933	48604	202712
1934	48627	202678
1935	48649	202638
1936	48669	202590
1937	48694	202565
1938	48716	202528
1939	48745	202520
1940	48769	202490
1941	48793	202462
1942	48823	202454
1943	48847	202424
1944	48869	202388
1945	48891	202351
1946	48915	202317
1947	48938	202285
1948	48961	202250
1949	48984	202217
1950	49008	202186
1951	49032	202157
1952	49060	202146
1953	49083	202113
1954	49107	202082
1955	49130	202048
1956	49154	202019
1957	49176	201982
1958	49200	201949
1959	49223	201918
1960	49248	201889
1961	49270	201855
1962	49294	201824
1963	49317	201789
1964	49342	201765
1965	49371	201756
1966	49393	201715
1967	49421	201702
1968	49448	201685
1969	49474	201666
1970	49497	201631
1971	49519	201591
1972	49543	201564
1973	49566	201528
1974	49589	201494
1975	49613	201467
1976	49637	201436
1977	49661	201406
1978	49683	201369
1979	49706	201336
1980	49730	201306
1981	49754	201276
1982	49775	201236
1983	49800	201208
1984	49824	201182
1985	49849	201156
1986	49875	201132
1987	49897	201097
1988	49920	201063
1989	49942	201026
1990	49966	200997
1991	49990	200965
1992	50012	200927
1993	50042	200923
1994	50065	200890
1995	50087	200852
1996	50110	200818
1997	50133	200785
1998	50161	200773
1999	50187	200748
2000	50209	200713
2001	50232	200680
2002	50256	200647
2003	50279	200616
2004	50302	200582
2005	50325	200550
2006	50348	200516
2007	50371	200483
2008	50393	200444
2009	50415	200409
2010	50439	200377
2011	50461	200341
2012	50482	200300
2013	50510	200286
2014	50533	200254
2015	50557	200223
2016	50579	200188
2017	50602	200154
2018	50624	200116
2019	50648	200085
2020	50671	200053
2021	50700	200042
2022	50722	200006
2023	50745	199973
2024	50767	199934
2025	50789	199899
2026	50810	199858
2027	50832	199822
2028	50855	199787
2029	50877	199751
2030	50899	199713
2031	50921	199675
2032	50944	199642
2033	50965	199604
2034	50988	199569
2035	51011	199536
2036	51034	199502
2037	51062	199489
2038	51085	199456
2039	51108	199423
2040	51131	199391
2041	51154	199355
2042	51176	199319
2043	51205	199312
2044	51228	199278
2045	51252	199247
2046	51274	199211
2047	51297	199177
2048	51320	199146
2049	51342	199107
2050	51363	199068
2051	51384	199028
2052	51405	198986
2053	51427	198950
2054	51450	198915
2055	51471	198875
2056	51492	198836
2057	51513	198796
2058	51536	198761
2059	51557	198723
2060	51579	198685
2061	51601	198646
2062	51622	198607
2063	51644	198570
2064	51665	198530
2065	51686	198490
2066	51710	198460
2067	51731	198421
2068	51765	198430
2069	51786	198391
2070	51808	198351
2071	51830	198318
2072	51851	198277
2073	51873	198238
2074	51895	198204
2075	51917	198164
2076	51944	198150
2077	51965	198110
2078	51987	198072
2079	52007	198029
2080	52030	197996
2081	52052	197958
2082	52072	197917
2083	52094	197878
2084	52115	197838
2085	52136	197799
2086	52158	197761
2087	52179	197720
2088	52201	197686
2089	52223	197650
2090	52245	197612
2091	52266	197571
2092	52287	197533
2093	52308	197493
2094	52330	197456
2095	52351	197417
2096	52373	197380
2097	52400	197364
2098	52421	197322
2099	52444	197290
2100	52466	197253
2101	52487	197215
2102	52508	197175
2103	52529	197134
2104	52550	197094
2105	52572	197057
2106	52593	197020
2107	52614	196981
2108	52636	196942
2109	52657	196902
2110	52678	196863
2111	52700	196830
2112	52726	196808
2113	52749	196776
2114	52770	196735
2115	52790	196692
2116	52812	196656
2117	52834	196619
2118	52855	196582
2119	52877	196543
2120	52899	196507
2121	52920	196470
2122	52941	196430
2123	52962	196390
2124	52983	196351
2125	53005	196313
2126	53026	196274
2127	53047	196237
2128	53068	196197
2129	53091	196163
2130	53114	196131
2131	53138	196105
2132	53159	196064
2133	53180	196025
2134	53202	195988
2135	53224	195953
2136	53249	195928
2137	53283	195939
2138	53308	195911
2139	53329	195875
2140	53352	195843
2141	53383	195838
2142	53407	195809
2143	53429	195776
2144	53451	195740
2145	53475	195709
2146	53500	195688
2147	53523	195654
2148	53547	195625
2149	53577	195621
2150	53605	195607
2151	53635	195599
2152	53662	195582
2153	53685	195549
2154	53713	195536
2155	53743	195531
2156	53766	195496
2157	53787	195459
2158	53809	195423
2159	53831	195387
2160	53854	195355
2161	53877	195323
2162	53898	195286
2163	53921	195253
2164	53945	195224
2165	53967	195191
2166	53989	195153
2167	54017	195140
2168	54039	195106
2169	54061	195071
2170	54082	195030
2171	54104	194994
2172	54126	194958
2173	54149	194927
2174	54169	194886
2175	54191	194850
2176	54213	194813
2177	54234	194775
2178	54257	194744
2179	54279	194708
2180	54300	194669
2181	54320	194629
2182	54342	194592
2183	54363	194552
2184	54385	194517
2185	54408	194487
2186	54430	194450
2187	54452	194415
2188	54474	194380
2189	54496	194344
2190	54518	194311
2191	54539	194273
2192	54562	194239
2193	54584	194206
2194	54606	194171
2195	54629	194137
2196	54651	194102
2197	54673	194067
2198	54696	194035
2199	54718	194001
2200	54741	193969
2201	54770	193961
2202	54791	193921
2203	54812	193884
2204	54834	193847
2205	54857	193815
2206	54881	193787
2207	54903	193752
2208	54924	193715
2209	54947	193682
2210	54969	193648
2211	54991	193614
2212	55013	193578
2213	55041	193564
2214	55063	193530
2215	55087	193500
2216	55110	193470
2217	55132	193434
2218	55159	193419
2219	55182	193385
2220	55205	193357
2221	55229	193326
2222	55251	193292
2223	55274	193262
2224	55308	193270
2225	55344	193281
2226	55368	193255
2227	55393	193229
2228	55417	193204
2229	55439	193166
2230	55461	193133
2231	55483	193098
2232	55504	193060
2233	55546	193095
2234	55569	193061
2235	55592	193033
2236	55613	192995
2237	55637	192966
2238	55660	192933
2239	55688	192921
2240	55716	192906
2241	55738	192871
2242	55760	192837
2243	55790	192831
2244	55817	192812
2245	55841	192783
2246	55862	192747
2247	55886	192718
2248	55908	192684
2249	55930	192649
2250	55956	192630
2251	55978	192595
2252	56000	192558
2253	56028	192545
2254	56081	192616
2255	56108	192598
2256	56131	192568
2257	56156	192542
2258	56178	192507
2259	56203	192486
2260	56234	192481
2261	56259	192456
2262	56286	192437
2263	56309	192408
2264	56333	192381
2265	56356	192349
2266	56378	192314
2267	56403	192289
2268	56426	192258
2269	56458	192259
2270	56486	192242
2271	56508	192208
2272	56530	192172
2273	56556	192154
2274	56579	192120
2275	56601	192087
2276	56625	192057
2277	56650	192033
2278	56675	192009
2279	56700	191986
2280	56726	191964
2281	56752	191943
2282	56773	191905
2283	56796	191875
2284	56824	191859
2285	56846	191826
2286	56868	191791
2287	56892	191764
2288	56918	191743
2289	56940	191709
2290	56963	191676
2291	56986	191645
2292	57013	191628
2293	57037	191601
2294	57068	191596
2295	57092	191568
2296	57116	191541
2297	57139	191509
2298	57159	191469
2299	57181	191435
2300	57209	191418
2301	57234	191394
2302	57255	191356
2303	57276	191318
2304	57297	191283
2305	57322	191257
2306	57344	191222
2307	57365	191184
2308	57387	191151
2309	57409	191116
2310	57431	191081
2311	57460	191070
2312	57482	191035
2313	57508	191016
2314	57535	190999
2315	57563	190983
2316	57587	190957
2317	57609	190922
2318	57631	190888
2319	57652	190850
2320	57674	190815
2321	57696	190779
2322	57717	190742
2323	57738	190705
2324	57759	190667
2325	57780	190631
2326	57808	190615
2327	57829	190577
2328	57851	190544
2329	57873	190509
2330	57902	190499
2331	57957	190573
2332	57984	190554
2333	58006	190521
2334	58029	190490
2335	58052	190458
2336	58080	190445
2337	58102	190412
2338	58125	190378
2339	58147	190345
2340	58173	190323
2341	58196	190293
2342	58218	190259
2343	58239	190223
2344	58260	190186
2345	58283	190155
2346	58304	190117
2347	58327	190087
2348	58349	190051
2349	58371	190017
2350	58392	189981
2351	58414	189944
2352	58435	189910
2353	58458	189878
2354	58480	189843
2355	58501	189806
2356	58523	189772
2357	58544	189736
2358	58565	189699
2359	58587	189664
2360	58608	189628
2361	58630	189594
2362	58652	189560
2363	58677	189534
2364	58698	189497
2365	58721	189466
2366	58745	189439
2367	58768	189408
2368	58789	189370
2369	58811	189337
2370	58836	189312
2371	58859	189282
2372	58882	189253
2373	58904	189218
2374	58937	189221
2375	58977	189243
2376	58999	189211
2377	59021	189177
2378	59043	189142
2379	59065	189107
2380	59086	189070
2381	59107	189033
2382	59129	188999
2383	59150	188963
2384	59171	188925
2385	59199	188912
2386	59219	188873
2387	59241	188837
2388	59265	188811
2389	59288	188780
2390	59316	188766
2391	59340	188737
2392	59363	188707
2393	59385	188674
2394	59410	188648
2395	59437	188630
2396	59458	188596
2397	59480	188562
2398	59502	188528
2399	59527	188504
2400	59551	188475
2401	59579	188461
2402	59600	188424
2403	59622	188390
2404	59644	188356
2405	59666	188324
2406	59689	188293
2407	59710	188255
2408	59732	188224
2409	59754	188188
2410	59775	188153
2411	59796	188116
2412	59817	188080
2413	59839	188045
2414	59864	188020
2415	59885	187985
2416	59907	187952
2417	59929	187917
2418	59950	187881
2419	59980	187873
2420	60005	187848
2421	60059	187914
2422	60080	187877
2423	60102	187845
2424	60124	187810
2425	60144	187770
2426	60164	187733
2427	60185	187696
2428	60206	187659
2429	60227	187623
2430	60251	187594
2431	60278	187578
2432	60303	187554
2433	60328	187527
2434	60351	187499
2435	60376	187475
2436	60399	187442
2437	60422	187413
2438	60443	187378
2439	60464	187342
2440	60488	187315
2441	60511	187282
2442	60534	187251
2443	60562	187237
2444	60587	187215
2445	60630	187246
2446	60678	187292
2447	60702	187266
2448	60725	187236
2449	60749	187206
2450	60774	187183
2451	60801	187166
2452	60829	187150
2453	60855	187130
2454	60883	187112
2455	60908	187090
2456	60934	187069
2457	60961	187051
2458	60983	187019
2459	61011	187001
2460	61042	186996
2461	61066	186968
2462	61091	186946
2463	61115	186918
2464	61139	186890
2465	61161	186859
2466	61184	186828
2467	61206	186793
2468	61248	186820
2469	61275	186804
2470	61297	186769
2471	61322	186746
2472	61344	186711
2473	61368	186686
2474	61391	186655
2475	61418	186636
2476	61441	186606
2477	61464	186576
2478	61491	186557
2479	61515	186530
2480	61540	186506
2481	61563	186477
2482	61587	186450
2483	61615	186432
2484	61641	186411
2485	61670	186400
2486	61698	186384
2487	61722	186359
2488	61746	186329
2489	61773	186312
2490	61795	186279
2491	61818	186249
2492	61840	186216
2493	61863	186185
2494	61885	186153
2495	61907	186120
2496	61930	186090
2497	61951	186054
2498	61975	186024
2499	62000	186001
2500	62023	185971
2501	62046	185940
2502	62068	185907
2503	62089	185872
2504	62111	185838
2505	62133	185805
2506	62157	185778
2507	62181	185751
2508	62203	185718
2509	62226	185689
2510	62250	185662
2511	62301	185713
2512	62329	185697
2513	62359	185690
2514	62382	185658
2515	62410	185645
2516	62434	185618
2517	62455	185581
2518	62481	185558
2519	62505	185531
2520	62527	185499
2521	62549	185465
2522	62571	185431
2523	62594	185401
2524	62616	185369
2525	62639	185340
2526	62661	185306
2527	62682	185271
2528	62703	185234
2529	62732	185221
2530	62758	185199
2531	62781	185170
2532	62804	185140
2533	62825	185105
2534	62848	185073
2535	62872	185045
2536	62893	185011
2537	62915	184978
2538	62939	184951
2539	62961	184918
2540	62982	184882
2541	63005	184851
2542	63029	184825
2543	63052	184795
2544	63073	184760
2545	63096	184729
2546	63148	184784
2547	63172	184757
2548	63193	184722
2549	63216	184690
2550	63242	184669
2551	63263	184634
2552	63287	184607
2553	63311	184580
2554	63334	184549
2555	63359	184525
2556	63381	184493
2557	63403	184460
2558	63431	184444
2559	63454	184414
2560	63476	184380
2561	63497	184346
2562	63520	184315
2563	63543	184285
2564	63567	184259
2565	63590	184229
2566	63614	184200
2567	63640	184181
2568	63674	184182
2569	63696	184149
2570	63720	184121
2571	63745	184097
2572	63767	184067
2573	63789	184032
2574	63811	183999
2575	63837	183979
2576	63862	183953
2577	63885	183923
2578	63914	183912
2579	63954	183932
2580	63980	183911
2581	64007	183892
2582	64032	183867
2583	64057	183842
2584	64083	183820
2585	64112	183809
2586	64136	183781
2587	64164	183765
2588	64191	183746
2589	64214	183717
2590	64237	183688
2591	64258	183653
2592	64282	183625
2593	64307	183601
2594	64328	183566
2595	64354	183542
2596	64380	183522
2597	64408	183506
2598	64433	183483
2599	64462	183469
2600	64486	183443
2601	64510	183415
2602	64535	183392
2603	64559	183365
2604	64584	183340
2605	64615	183332
2606	64640	183308
2607	64662	183277
2608	64685	183246
2609	64708	183217
2610	64733	183191
2611	64756	183161
2612	64780	183134
2613	64801	183101
2614	64824	183070
2615	64849	183047
2616	64874	183023
2617	64896	182990
2618	64918	182955
2619	64943	182932
2620	64973	182922
2621	64996	182893
2622	65021	182868
2623	65050	182856
2624	65088	182867
2625	65111	182838
2626	65143	182834
2627	65174	182826
2628	65198	182800
2629	65226	182784
2630	65251	182759
2631	65275	182732
2632	65299	182704
2633	65329	182694
2634	65354	182670
2635	65384	182659
2636	65407	182629
2637	65431	182603
2638	65458	182584
2639	65480	182552
2640	65505	182528
2641	65534	182513
2642	65556	182482
2643	65579	182450
2644	65600	182416
2645	65622	182382
2646	65646	182357
2647	65671	182332
2648	65695	182305
2649	65718	182276
2650	65746	182261
2651	65774	182245
2652	65801	182226
2653	65826	182200
2654	65849	182171
2655	65871	182139
2656	65894	182107
2657	65916	182075
2658	65941	182051
2659	65965	182025
2660	65989	181997
2661	66015	181975
2662	66037	181944
2663	66059	181911
2664	66083	181885
2665	66106	181854
2666	66127	181820
2667	66149	181787
2668	66170	181753
2669	66194	181725
2670	66230	181729
2671	66258	181714
2672	66281	181684
2673	66307	181664
2674	66331	181635
2675	66354	181607
2676	66376	181573
2677	66398	181541
2678	66419	181505
2679	66441	181474
2680	66464	181444
2681	66488	181416
2682	66510	181384
2683	66532	181354
2684	66558	181331
2685	66582	181304
2686	66604	181271
2687	66626	181239
2688	66648	181206
2689	66669	181172
2690	66695	181150
2691	66725	181139
2692	66750	181115
2693	66774	181088
2694	66795	181054
2695	66817	181021
2696	66838	180987
2697	66860	180954
2698	66882	180922
2699	66903	180887
2700	66924	180851
2701	66945	180817
2702	66966	180782
2703	66989	180754
2704	67010	180718
2705	67032	180685
2706	67053	180650
2707	67086	180647
2708	67109	180619
2709	67133	180591
2710	67155	180560
2711	67177	180527
2712	67199	180496
2713	67222	180465
2714	67245	180436
2715	67269	180408
2716	67292	180378
2717	67314	180346
2718	67343	180332
2719	67366	180304
2720	67391	180281
2721	67413	180249
2722	67436	180218
2723	67458	180185
2724	67480	180153
2725	67501	180120
2726	67526	180095
2727	67549	180066
2728	67572	180036
2729	67594	180005
2730	67616	179971
2731	67638	179940
2732	67663	179914
2733	67685	179884
2734	67711	179861
2735	67734	179833
2736	67755	179798
2737	67778	179768
2738	67799	179735
2739	67825	179712
2740	67850	179688
2741	67874	179662
2742	67900	179639
2743	67923	179612
2744	67976	179660
2745	68017	179678
2746	68041	179651
2747	68063	179621
2748	68087	179592
2749	68120	179589
2750	68143	179560
2751	68164	179526
2752	68187	179497
2753	68213	179476
2754	68235	179443
2755	68259	179416
2756	68285	179394
2757	68307	179362
2758	68328	179328
2759	68349	179294
2760	68371	179262
2761	68392	179228
2762	68420	179210
2763	68440	179174
2764	68462	179142
2765	68485	179110
2766	68506	179076
2767	68527	179041
2768	68550	179012
2769	68571	178978
2770	68598	178960
2771	68621	178930
2772	68643	178898
2773	68665	178867
2774	68686	178833
2775	68708	178801
2776	68731	178770
2777	68754	178741
2778	68776	178709
2779	68797	178676
2780	68819	178642
2781	68841	178612
2782	68868	178591
2783	68892	178565
2784	68914	178535
2785	68937	178504
2786	68958	178470
2787	68979	178437
2788	69001	178403
2789	69022	178370
2790	69045	178341
2791	69067	178309
2792	69089	178277
2793	69111	178245
2794	69133	178212
2795	69154	178179
2796	69180	178157
2797	69210	178146
2798	69233	178118
2799	69258	178093
2800	69288	178081
2801	69311	178052
2802	69332	178019
2803	69356	177992
2804	69377	177958
2805	69401	177929
2806	69424	177902
2807	69447	177873
2808	69477	177861
2809	69501	177833
2810	69525	177808
2811	69548	177779
2812	69571	177748
2813	69591	177714
2814	69614	177684
2815	69637	177655
2816	69659	177621
2817	69680	177588
2818	69701	177553
2819	69722	177521
2820	69744	177489
2821	69766	177457
2822	69788	177424
2823	69809	177390
2824	69830	177356
2825	69851	177324
2826	69873	177290
2827	69894	177257
2828	69915	177224
2829	69937	177190
2830	69958	177157
2831	69979	177123
2832	70000	177088
2833	70022	177057
2834	70045	177027
2835	70066	176993
2836	70085	176956
2837	70107	176925
2838	70129	176893
2839	70152	176863
2840	70174	176831
2841	70196	176801
2842	70219	176772
2843	70243	176744
2844	70266	176714
2845	70288	176684
2846	70312	176657
2847	70335	176629
2848	70359	176601
2849	70382	176574
2850	70406	176547
2851	70429	176519
2852	70452	176489
2853	70474	176458
2854	70521	176488
2855	70590	176575
2856	70626	176577
2857	70658	176571
2858	70684	176549
2859	70709	176526
2860	70734	176502
2861	70756	176470
2862	70783	176452
2863	70814	176442
2864	70846	176435
2865	70873	176417
2866	70898	176392
2867	70923	176368
2868	70947	176342
2869	70973	176320
2870	70998	176296
2871	71021	176268
2872	71046	176244
2873	71074	176226
2874	71097	176199
2875	71123	176176
2876	71146	176148
2877	71170	176121
2878	71193	176093
2879	71218	176068
2880	71243	176043
2881	71265	176013
2882	71290	175987
2883	71313	175959
2884	71337	175932
2885	71360	175904
2886	71385	175879
2887	71413	175862
2888	71449	175867
2889	71481	175858
2890	71510	175844
2891	71538	175827
2892	71570	175821
2893	71594	175794
2894	71619	175770
2895	71643	175744
2896	71667	175716
2897	71691	175690
2898	71715	175664
2899	71739	175637
2900	71762	175607
2901	71786	175582
2902	71811	175557
2903	71834	175528
2904	71859	175506
2905	71884	175481
2906	71908	175455
2907	71933	175429
2908	71958	175406
2909	71981	175377
2910	72012	175367
2911	72045	175364
2912	72075	175352
2913	72102	175332
2914	72127	175307
2915	72153	175286
2916	72176	175257
2917	72202	175234
2918	72226	175209
2919	72252	175187
2920	72278	175165
2921	72304	175145
2922	72329	175120
2923	72355	175099
2924	72380	175074
2925	72408	175056
2926	72433	175032
2927	72459	175012
2928	72488	174996
2929	72520	174988
2930	72544	174963
2931	72568	174936
2932	72599	174928
2933	72629	174915
2934	72661	174907
2935	72688	174887
2936	72713	174864
2937	72740	174844
2938	72773	174839
2939	72804	174830
2940	72833	174815
2941	72886	174859
2942	72936	174893
2943	72962	174871
2944	72990	174855
2945	73022	174847
2946	73051	174832
2947	73078	174814
2948	73107	174797
2949	73136	174784
2950	73166	174770
2951	73189	174741
2952	73213	174716
2953	73243	174702
2954	73267	174675
2955	73289	174645
2956	73312	174615
2957	73335	174588
2958	73361	174564
2959	73385	174538
2960	73409	174512
2961	73434	174488
2962	73459	174463
2963	73483	174436
2964	73506	174407
2965	73529	174378
2966	73552	174349
2967	73576	174323
2968	73610	174319
2969	73638	174303
2970	73667	174288
2971	73694	174267
2972	73716	174235
2973	73737	174202
2974	73760	174174
2975	73784	174148
2976	73809	174123
2977	73831	174091
2978	73855	174063
2979	73878	174035
2980	73908	174023
2981	73933	174000
2982	73957	173971
2983	73978	173938
2984	74003	173914
2985	74029	173891
2986	74059	173881
2987	74083	173853
2988	74113	173840
2989	74138	173816
2990	74169	173805
2991	74192	173776
2992	74216	173750
2993	74242	173728
2994	74266	173702
2995	74292	173680
2996	74324	173671
2997	74349	173648
2998	74372	173619
2999	74403	173608
3000	74429	173585
3001	74452	173557
3002	74479	173537
3003	74505	173515
3004	74533	173499
3005	74557	173470
3006	74581	173445
3007	74607	173421
3008	74633	173400
3009	74659	173379
3010	74682	173348
3011	74707	173326
3012	74729	173294
3013	74755	173272
3014	74781	173249
3015	74806	173225
3016	74830	173198
3017	74857	173178
3018	74888	173168
3019	74913	173144
3020	74941	173126
3021	74972	173117
3022	74996	173088
3023	75018	173057
3024	75040	173026
3025	75068	173009
3026	75093	172985
3027	75114	172952
3028	75136	172921
3029	75162	172898
3030	75189	172878
3031	75212	172848
3032	75243	172839
3033	75266	172810
3034	75290	172783
3035	75317	172764
3036	75346	172749
3037	75373	172728
3038	75402	172713
3039	75423	172680
3040	75446	172650
3041	75468	172620
3042	75491	172590
3043	75514	172562
3044	75578	172626
3045	75600	172595
3046	75622	172565
3047	75645	172535
3048	75670	172510
3049	75693	172481
3050	75716	172453
3051	75741	172427
3052	75763	172398
3053	75789	172376
3054	75814	172351
3055	75843	172334
3056	75872	172319
3057	75905	172313
3058	75949	172333
3059	75988	172340
3060	76015	172320
3061	76047	172310
3062	76079	172303
3063	76114	172300
3064	76148	172297
3065	76184	172297
3066	76299	172475
3067	76448	172730
3068	76489	172744
3069	76531	172756
3070	76562	172744
3071	76590	172727
3072	76615	172701
3073	76643	172685
3074	76693	172717
3075	76723	172701
3076	76751	172685
3077	76779	172665
3078	76805	172644
3079	76832	172624
3080	76869	172626
3081	76910	172637
3082	76940	172622
3083	76976	172622
3084	77042	172689
3085	77087	172710
3086	77150	172769
3087	77190	172779
3088	77219	172763
3089	77257	172767
3090	77296	172773
3091	77336	172781
3092	77371	172778
3093	77400	172761
3094	77437	172765
3095	77469	172754
3096	77501	172746
3097	77534	172737
3098	77567	172730
3099	77595	172713
3100	77625	172698
3101	77654	172682
3102	77681	172662
3103	77714	172654
3104	77744	172641
3105	77775	172628
3106	77810	172625
3107	77848	172628
3108	77879	172617
3109	77908	172600
3110	77934	172579
3111	77963	172562
3112	77988	172536
3113	78012	172510
3114	78036	172480
3115	78076	172489
3116	78104	172470
3117	78145	172482
3118	78171	172458
3119	78198	172436
3120	78228	172423
3121	78261	172414
3122	78288	172394
3123	78314	172372
3124	78343	172355
3125	78374	172344
3126	78403	172327
3127	78430	172306
3128	78459	172289
3129	78498	172295
3130	78528	172280
3131	78557	172264
3132	78585	172245
3133	78614	172229
3134	78643	172212
3135	78686	172227
3136	78720	172220
3137	78755	172217
3138	78789	172211
3139	78822	172204
3140	78899	172293
3141	78928	172275
3142	78957	172259
3143	78988	172246
3144	79019	172233
3145	79047	172215
3146	79074	172194
3147	79104	172181
3148	79135	172167
3149	79171	172166
3150	79209	172168
3151	79246	172170
3152	79282	172167
3153	79315	172160
3154	79345	172145
3155	79375	172131
3156	79404	172114
3157	79432	172096
3158	79458	172072
3159	79483	172047
3160	79511	172028
3161	79537	172004
3162	79563	171981
3163	79590	171959
3164	79618	171940
3165	79644	171917
3166	79671	171896
3167	79700	171879
3168	79729	171862
3169	79761	171852
3170	79791	171838
3171	79825	171830
3172	79861	171829
3173	79888	171808
3174	79914	171784
3175	79945	171772
3176	79973	171752
3177	80000	171730
3178	80025	171707
3179	80054	171688
3180	80081	171668
3181	80107	171643
3182	80134	171623
3183	80160	171599
3184	80185	171575
3185	80212	171553
3186	80247	171548
3187	80309	171601
3188	80334	171575
3189	80360	171553
3190	80385	171527
3191	80409	171499
3192	80433	171471
3193	80457	171444
3194	80482	171419
3195	80508	171396
3196	80531	171366
3197	80558	171343
3198	80581	171313
3199	80604	171285
3200	80629	171259
3201	80652	171230
3202	80677	171204
3203	80701	171176
3204	80727	171151
3205	80755	171134
3206	80786	171120
3207	80812	171095
3208	80842	171081
3209	80871	171065
3210	80899	171045
3211	80926	171025
3212	80955	171006
3213	80986	170993
3214	81013	170971
3215	81042	170955
3216	81071	170937
3217	81100	170920
3218	81127	170899
3219	81155	170879
3220	81185	170865
3221	81216	170853
3222	81247	170839
3223	81273	170816
3224	81303	170799
3225	81328	170775
3226	81354	170751
3227	81376	170720
3228	81403	170697
3229	81430	170675
3230	81455	170650
3231	81481	170626
3232	81506	170601
3233	81531	170575
3234	81555	170548
3235	81580	170523
3236	81605	170495
3237	81632	170474
3238	81658	170451
3239	81685	170430
3240	81714	170413
3241	81744	170398
3242	81771	170375
3243	81798	170354
3244	81824	170330
3245	81850	170307
3246	81876	170284
3247	81902	170259
3248	81929	170238
3249	81956	170217
3250	81984	170197
3251	82010	170175
3252	82037	170152
3253	82062	170127
3254	82094	170116
3255	82122	170096
3256	82154	170085
3257	82183	170067
3258	82209	170044
3259	82238	170026
3260	82264	170003
3261	82296	169991
3262	82324	169972
3263	82355	169958
3264	82382	169937
3265	82410	169917
3266	82437	169896
3267	82501	169950
3268	82529	169932
3269	82558	169912
3270	82603	169928
3271	82634	169915
3272	82663	169898
3273	82692	169881
3274	82725	169871
3275	82752	169850
3276	82779	169827
3277	82809	169811
3278	82837	169792
3279	82864	169772
3280	82893	169753
3281	82919	169729
3282	82945	169706
3283	82971	169681
3284	82997	169658
3285	83025	169637
3286	83050	169613
3287	83075	169587
3288	83107	169575
3289	83163	169612
3290	83190	169591
3291	83217	169570
3292	83244	169548
3293	83272	169528
3294	83301	169511
3295	83335	169503
3296	83363	169482
3297	83391	169462
3298	83418	169441
3299	83447	169424
3300	83476	169406
3301	83504	169386
3302	83530	169363
3303	83558	169342
3304	83604	169358
3305	83631	169337
3306	83660	169319
3307	83689	169300
3308	83726	169300
3309	83757	169286
3310	83787	169269
3311	83816	169252
3312	83847	169238
3313	83873	169215
3314	83904	169201
3315	83937	169190
3316	83964	169169
3317	83989	169143
3318	84016	169121
3319	84043	169098
3320	84070	169077
3321	84097	169056
3322	84125	169036
3323	84151	169011
3324	84177	168988
3325	84204	168965
3326	84228	168938
3327	84255	168915
3328	84279	168887
3329	84305	168863
3330	84328	168834
3331	84354	168810
3332	84378	168782
3333	84400	168750
3334	84423	168720
3335	84446	168691
3336	84470	168661
3337	84493	168631
3338	84515	168599
3339	84538	168571
3340	84561	168540
3341	84584	168511
3342	84612	168490
3343	84635	168461
3344	84658	168430
3345	84680	168400
3346	84702	168367
3347	84725	168336
3348	84747	168305
3349	84770	168276
3350	84793	168245
3351	84817	168217
3352	84840	168189
3353	84865	168162
3354	84888	168132
3355	84911	168102
3356	84933	168071
3357	84957	168042
3358	84980	168012
3359	85003	167983
3360	85027	167954
3361	85050	167925
3362	85073	167895
3363	85096	167866
3364	85121	167840
3365	85146	167813
3366	85168	167782
3367	85192	167753
3368	85215	167724
3369	85238	167695
3370	85263	167668
3371	85287	167641
3372	85314	167619
3373	85338	167590
3374	85364	167567
3375	85388	167538
3376	85411	167510
3377	85433	167478
3378	85456	167447
3379	85478	167417
3380	85501	167386
3381	85524	167357
3382	85547	167327
3383	85572	167300
3384	85595	167271
3385	85619	167243
3386	85642	167213
3387	85664	167182
3388	85687	167153
3389	85710	167122
3390	85732	167091
3391	85754	167060
3392	85777	167030
3393	85801	167001
3394	85824	166972
3395	85847	166942
3396	85877	166927
3397	85910	166915
3398	85940	166900
3399	85968	166879
3400	85996	166860
3401	86024	166840
3402	86051	166817
3403	86075	166790
3404	86102	166769
3405	86135	166757
3406	86162	166735
3407	86187	166710
3408	86213	166685
3409	86238	166659
3410	86262	166631
3411	86288	166607
3412	86313	166583
3413	86338	166557
3414	86371	166547
3415	86407	166542
3416	86434	166520
3417	86468	166510
3418	86495	166489
3419	86527	166477
3420	86562	166470
3421	86595	166458
3422	86624	166441
3423	86655	166427
3424	86682	166405
3425	86707	166379
3426	86736	166360
3427	86767	166346
3428	86794	166325
3429	86822	166303
3430	86847	166279
3431	86878	166263
3432	86901	166234
3433	86924	166204
3434	86954	166189
3435	86985	166173
3436	87015	166156
3437	87041	166133
3438	87070	166114
3439	87104	166105
3440	87143	166106
3441	87173	166090
3442	87199	166067
3443	87227	166045
3444	87254	166023
3445	87281	166001
3446	87309	165982
3447	87344	165975
3448	87370	165951
3449	87396	165927
3450	87425	165908
3451	87455	165892
3452	87487	165879
3453	87525	165878
3454	87551	165852
3455	87578	165830
3456	87603	165806
3457	87628	165780
3458	87653	165753
3459	87680	165731
3460	87713	165721
3461	87739	165695
3462	87764	165671
3463	87795	165655
3464	87820	165629
3465	87845	165603
3466	87877	165591
3467	87903	165566
3468	87929	165542
3469	87955	165518
3470	87990	165511
3471	88019	165492
3472	88044	165466
3473	88068	165438
3474	88092	165410
3475	88129	165407
3476	88156	165384
3477	88179	165355
3478	88203	165327
3479	88228	165302
3480	88255	165279
3481	88280	165253
3482	88303	165224
3483	88329	165199
3484	88354	165172
3485	88377	165142
3486	88401	165115
3487	88427	165091
3488	88451	165064
3489	88483	165050
3490	88515	165037
3491	88540	165011
3492	88564	164984
3493	88595	164969
3494	88620	164942
3495	88643	164912
3496	88665	164881
3497	88687	164850
3498	88711	164821
3499	88737	164797
3500	88761	164770
3501	88786	164744
3502	88810	164715
3503	88833	164686
3504	88858	164660
3505	88883	164635
3506	88909	164610
3507	88935	164585
3508	88959	164558
3509	88984	164532
3510	89010	164509
3511	89033	164479
3512	89057	164450
3513	89082	164424
3514	89105	164395
3515	89130	164369
3516	89164	164358
3517	89186	164328
3518	89212	164303
3519	89238	164279
3520	89264	164255
3521	89289	164229
3522	89313	164201
3523	89337	164173
3524	89361	164145
3525	89384	164117
3526	89411	164095
3527	89439	164073
3528	89465	164049
3529	89491	164025
3530	89516	163998
3531	89540	163971
3532	89572	163957
3533	89596	163930
3534	89622	163907
3535	89647	163881
3536	89672	163854
3537	89696	163827
3538	89723	163804
3539	89749	163780
3540	89776	163757
3541	89801	163732
3542	89827	163708
3543	89853	163682
3544	89877	163655
3545	89901	163628
3546	89927	163603
3547	89955	163582
3548	89981	163559
3549	90007	163534
3550	90032	163508
3551	90058	163484
3552	90094	163478
3553	90117	163449
3554	90142	163422
3555	90166	163394
3556	90189	163365
3557	90212	163336
3558	90236	163308
3559	90260	163279
3560	90287	163258
3561	90312	163232
3562	90337	163205
3563	90362	163179
3564	90388	163155
3565	90413	163129
3566	90438	163103
3567	90464	163079
3568	90489	163053
3569	90516	163031
3570	90549	163020
3571	90574	162993
3572	90597	162963
3573	90620	162935
3574	90644	162905
3575	90667	162877
3576	90692	162851
3577	90715	162822
3578	90738	162792
3579	90762	162763
3580	90785	162734
3581	90808	162705
3582	90832	162677
3583	90856	162649
3584	90879	162620
3585	90902	162590
3586	90925	162560
3587	90950	162535
3588	90972	162503
3589	90994	162472
3590	91017	162442
3591	91038	162409
3592	91060	162377
3593	91081	162345
3594	91103	162313
3595	91125	162281
3596	91146	162249
3597	91168	162218
3598	91190	162187
3599	91214	162159
3600	91238	162131
3601	91262	162104
3602	91287	162077
3603	91316	162059
3604	91339	162029
3605	91363	162001
3606	91386	161972
3607	91414	161951
3608	91440	161926
3609	91465	161901
3610	91490	161876
3611	91516	161850
3612	91540	161824
3613	91563	161794
3614	91586	161764
3615	91608	161733
3616	91630	161701
3617	91651	161670
3618	91672	161637
3619	91694	161605
3620	91716	161573
3621	91738	161543
3622	91769	161527
3623	91793	161499
3624	91817	161472
3625	91842	161446
3626	91866	161419
3627	91890	161390
3628	91914	161362
3629	91937	161333
3630	91959	161303
3631	91984	161276
3632	92008	161249
3633	92032	161221
3634	92055	161192
3635	92079	161163
3636	92101	161133
3637	92124	161104
3638	92148	161076
3639	92172	161048
3640	92196	161021
3641	92218	160990
3642	92243	160963
3643	92267	160936
3644	92291	160908
3645	92314	160879
3646	92337	160850
3647	92361	160822
3648	92385	160795
3649	92410	160769
3650	92433	160740
3651	92457	160711
3652	92482	160685
3653	92506	160657
3654	92529	160629
3655	92551	160598
3656	92574	160568
3657	92597	160539
3658	92620	160509
3659	92643	160480
3660	92666	160450
3661	92688	160420
3662	92711	160390
3663	92733	160359
3664	92756	160330
3665	92779	160301
3666	92803	160274
3667	92826	160244
3668	92851	160218
3669	92874	160190
3670	92898	160161
3671	92921	160133
3672	92944	160104
3673	92970	160078
3674	93002	160065
3675	93026	160037
3676	93050	160011
3677	93075	159984
3678	93100	159958
3679	93124	159931
3680	93149	159905
3681	93172	159876
3682	93197	159849
3683	93219	159820
3684	93243	159791
3685	93265	159761
3686	93289	159733
3687	93318	159714
3688	93342	159687
3689	93366	159659
3690	93391	159632
3691	93420	159614
3692	93446	159590
3693	93469	159561
3694	93496	159538
3695	93521	159512
3696	93545	159485
3697	93568	159456
3698	93589	159423
3699	93609	159389
3700	93631	159358
3701	93656	159332
3702	93680	159304
3703	93709	159285
3704	93734	159260
3705	93759	159235
3706	93784	159207
3707	93806	159177
3708	93830	159149
3709	93853	159121
3710	93890	159115
3711	93913	159086
3712	93936	159056
3713	93960	159029
3714	93985	159003
3715	94010	158978
3716	94034	158950
3717	94057	158921
3718	94080	158892
3719	94104	158865
3720	94128	158837
3721	94152	158809
3722	94176	158782
3723	94200	158755
3724	94230	158736
3725	94253	158707
3726	94277	158680
3727	94301	158653
3728	94326	158627
3729	94359	158614
3730	94383	158586
3731	94409	158563
3732	94434	158538
3733	94458	158509
3734	94481	158481
3735	94503	158450
3736	94527	158422
3737	94551	158394
3738	94574	158365
3739	94595	158332
3740	94618	158303
3741	94646	158283
3742	94669	158255
3743	94692	158225
3744	94715	158196
3745	94742	158174
3746	94768	158149
3747	94791	158120
3748	94813	158090
3749	94837	158062
3750	94862	158037
3751	94889	158013
3752	94913	157987
3753	94937	157960
3754	94961	157932
3755	94985	157905
3756	95009	157877
3757	95034	157850
3758	95058	157824
3759	95082	157796
3760	95114	157782
3761	95141	157759
3762	95164	157731
3763	95188	157702
3764	95211	157673
3765	95233	157643
3766	95256	157613
3767	95279	157585
3768	95302	157556
3769	95324	157526
3770	95348	157498
3771	95378	157480
3772	95403	157455
3773	95427	157427
3774	95451	157399
3775	95480	157381
3776	95504	157353
3777	95530	157329
3778	95553	157301
3779	95577	157272
3780	95602	157247
3781	95626	157219
3782	95651	157193
3783	95675	157166
3784	95698	157138
3785	95728	157120
3786	95752	157093
3787	95778	157067
3788	95806	157047
3789	95830	157020
3790	95854	156993
3791	95881	156970
3792	95904	156941
3793	95928	156913
3794	95955	156891
3795	95981	156867
3796	96005	156840
3797	96029	156812
3798	96055	156788
3799	96079	156761
3800	96105	156736
3801	96135	156719
3802	96163	156698
3803	96187	156671
3804	96212	156646
3805	96246	156634
3806	96268	156604
3807	96291	156574
3808	96314	156546
3809	96338	156517
3810	96365	156495
3811	96388	156466
3812	96411	156437
3813	96435	156410
3814	96460	156385
3815	96489	156365
3816	96512	156336
3817	96537	156310
3818	96563	156287
3819	96586	156258
3820	96609	156228
3821	96632	156200
3822	96657	156173
3823	96682	156147
3824	96706	156120
3825	96734	156099
3826	96757	156070
3827	96780	156041
3828	96803	156012
3829	96828	155988
3830	96853	155962
3831	96880	155939
3832	96907	155917
3833	96931	155888
3834	96953	155859
3835	96977	155830
3836	97003	155806
3837	97035	155792
3838	97062	155770
3839	97085	155740
3840	97110	155714
3841	97136	155691
3842	97160	155664
3843	97182	155634
3844	97213	155617
3845	97240	155594
3846	97263	155565
3847	97289	155541
3848	97315	155517
3849	97351	155508
3850	97383	155494
3851	97406	155466
3852	97429	155436
3853	97450	155405
3854	97477	155381
3855	97510	155368
3856	97531	155337
3857	97555	155310
3858	97583	155288
3859	97608	155263
3860	97634	155238
3861	97658	155211
3862	97687	155191
3863	97710	155162
3864	97735	155137
3865	97773	155132
3866	97797	155105
3867	97833	155097
3868	97871	155091
3869	97904	155078
3870	97932	155057
3871	97959	155035
3872	97985	155010
3873	98015	154993
3874	98043	154972
3875	98076	154959
3876	98107	154941
3877	98136	154923
3878	98164	154902
3879	98196	154886
3880	98222	154862
3881	98259	154856
3882	98298	154852
3883	98331	154839
3884	98356	154813
3885	98380	154786
3886	98406	154761
3887	98429	154732
3888	98452	154704
3889	98476	154676
3890	98503	154654
3891	98527	154626
3892	98550	154597
3893	98575	154572
3894	98598	154542
3895	98620	154512
3896	98645	154486
3897	98671	154461
3898	98695	154434
3899	98719	154407
3900	98748	154388
3901	98779	154371
3902	98806	154349
3903	98838	154334
3904	99003	154527
3905	99035	154510
3906	99062	154488
3907	99090	154467
3908	99114	154439
3909	99148	154428
3910	99172	154401
3911	99196	154372
3912	99221	154346
3913	99246	154320
3914	99268	154290
3915	99290	154260
3916	99317	154237
3917	99342	154211
3918	99379	154205
3919	99417	154198
3920	99439	154167
3921	99461	154136
3922	99484	154108
3923	99506	154078
3924	99535	154057
3925	99584	154068
3926	99620	154060
3927	99651	154043
3928	99675	154016
3929	99699	153988
3930	99722	153960
3931	99745	153930
3932	99770	153904
3933	99795	153879
3934	99822	153856
3935	99845	153827
3936	99870	153800
3937	99891	153769
3938	99914	153739
3939	99936	153709
3940	99958	153678
3941	99980	153647
3942	100000	153615
3943	100021	153583
3944	100042	153550
3945	100066	153522
3946	100090	153496
3947	100115	153469
3948	100137	153440
3949	100162	153413
3950	100185	153384
3951	100225	153382
3952	100249	153354
3953	100274	153327
3954	100296	153297
3955	100319	153268
3956	100343	153241
3957	100364	153209
3958	100387	153180
3959	100410	153150
3960	100432	153121
3961	100456	153093
3962	100481	153067
3963	100504	153039
3964	100528	153011
3965	100553	152985
3966	100578	152959
3967	100603	152933
3968	100626	152904
3969	100650	152877
3970	100675	152850
3971	100699	152824
3972	100723	152797
3973	100748	152771
3974	100773	152744
3975	100796	152716
3976	100821	152690
3977	100845	152662
3978	100870	152636
3979	100894	152609
3980	100918	152581
3981	100941	152553
3982	100965	152525
3983	100990	152499
3984	101014	152472
3985	101038	152444
3986	101063	152418
3987	101086	152389
3988	101113	152367
3989	101141	152345
3990	101172	152328
3991	101195	152300
3992	101219	152273
3993	101243	152245
3994	101266	152216
3995	101289	152187
3996	101313	152160
3997	101335	152130
3998	101358	152100
3999	101379	152069
4000	101402	152039
4001	101424	152010
4002	101445	151978
4003	101467	151947
4004	101489	151917
4005	101514	151891
4006	101543	151871
4007	101570	151848
4008	101597	151825
4009	101625	151804
4010	101652	151781
4011	101679	151759
4012	101708	151739
4013	101733	151712
4014	101761	151691
4015	101787	151667
4016	101819	151651
4017	101844	151626
4018	101873	151606
4019	101908	151595
4020	101951	151595
4021	101988	151587
4022	102030	151587
4023	102080	151598
4024	102177	151680
4025	102204	151657
4026	102227	151628
4027	102253	151602
4028	102277	151576
4029	102302	151550
4030	102325	151520
4031	102346	151489
4032	102451	151581
4033	102516	151614
4034	102582	151648
4035	102694	151751
4036	102744	151762
4037	102892	151918
4038	103365	152553
4039	103455	152621
4040	103515	152647
4041	103549	152633
4042	103584	152622
4043	103611	152599
4044	103656	152601
4045	103687	152583
4046	103713	152559
4047	103738	152532
4048	103763	152506
4049	103790	152482
4050	103816	152456
4051	103840	152429
4052	103865	152402
4053	103890	152375
4054	103917	152352
4055	103977	152377
4056	104002	152351
4057	104036	152337
4058	104060	152309
4059	104090	152290
4060	104120	152270
4061	104156	152260
4062	104192	152250
4063	104220	152227
4064	104252	152210
4065	104282	152191
4066	104310	152169
4067	104333	152140
4068	104357	152112
4069	104380	152081
4070	104403	152053
4071	104427	152025
4072	104460	152010
4073	104486	151984
4074	104510	151957
4075	104539	151936
4076	104567	151914
4077	104601	151900
4078	104635	151887
4079	104663	151864
4080	104701	151856
4081	104726	151830
4082	104753	151806
4083	104780	151782
4084	104809	151762
4085	104836	151739
4086	104864	151716
4087	104891	151692
4088	104917	151667
4089	104954	151658
4090	104992	151650
4091	105024	151634
4092	105050	151607
4093	105076	151583
4094	105103	151560
4095	105143	151554
4096	105169	151529
4097	105195	151504
4098	105219	151476
4099	105245	151450
4100	105278	151435
4101	105301	151405
4102	105324	151377
4103	105347	151347
4104	105370	151317
4105	105393	151287
4106	105415	151257
4107	105438	151227
4108	105460	151196
4109	105483	151167
4110	105513	151147
4111	105536	151118
4112	105559	151088
4113	105589	151069
4114	105612	151039
4115	105635	151010
4116	105659	150982
4117	105682	150953
4118	105708	150928
4119	105733	150900
4120	105759	150875
4121	105783	150848
4122	105807	150820
4123	105830	150790
4124	105852	150759
4125	105876	150732
4126	105899	150702
4127	105926	150678
4128	105952	150652
4129	105976	150624
4130	106003	150601
4131	106028	150574
4132	106056	150553
4133	106086	150532
4134	106112	150507
4135	106137	150480
4136	106161	150453
4137	106188	150429
4138	106214	150403
4139	106238	150375
4140	106262	150348
4141	106286	150320
4142	106310	150292
4143	106334	150264
4144	106359	150237
4145	106388	150216
4146	106413	150190
4147	106438	150162
4148	106462	150135
4149	106485	150106
4150	106519	150091
4151	106586	150124
4152	106615	150103
4153	106641	150078
4154	106668	150055
4155	106693	150027
4156	106726	150012
4157	106749	149983
4158	106778	149962
4159	106803	149936
4160	106841	149926
4161	106864	149898
4162	106888	149870
4163	106911	149840
4164	106935	149812
4165	106962	149787
4166	106987	149762
4167	107010	149732
4168	107038	149710
4169	107062	149681
4170	107088	149656
4171	107113	149629
4172	107136	149600
4173	107159	149572
4174	107183	149543
4175	107209	149518
4176	107238	149497
4177	107265	149473
4178	107289	149444
4179	107312	149416
4180	107338	149390
4181	107363	149364
4182	107405	149361
4183	107446	149356
4184	107475	149335
4185	107502	149312
4186	107534	149294
4187	107576	149291
4188	107610	149278
4189	107640	149258
4190	107670	149237
4191	107719	149244
4192	107749	149224
4193	107779	149205
4194	107810	149187
4195	107853	149185
4196	107907	149199
4197	107992	149254
4198	108022	149234
4199	108063	149230
4200	108091	149208
4201	108117	149182
4202	108143	149157
4203	108182	149149
4204	108209	149125
4205	108242	149109
4206	108275	149093
4207	108303	149071
4208	108335	149054
4209	108367	149037
4210	108397	149017
4211	108427	148997
4212	108459	148980
4213	108481	148950
4214	108521	148943
4215	108548	148919
4216	108573	148893
4217	108601	148870
4218	108625	148842
4219	108651	148815
4220	108678	148792
4221	108703	148765
4222	108727	148737
4223	108751	148709
4224	108776	148682
4225	108802	148657
4226	108826	148628
4227	108851	148602
4228	108874	148572
4229	108899	148545
4230	108926	148521
4231	108951	148495
4232	108974	148466
4233	108998	148437
4234	109023	148410
4235	109047	148382
4236	109070	148353
4237	109093	148323
4238	109116	148294
4239	109140	148266
4240	109168	148244
4241	109192	148215
4242	109217	148188
4243	109240	148159
4244	109265	148132
4245	109288	148103
4246	109312	148075
4247	109335	148046
4248	109359	148017
4249	109383	147989
4250	109407	147960
4251	109430	147932
4252	109453	147902
4253	109477	147874
4254	109501	147846
4255	109525	147818
4256	109549	147790
4257	109572	147761
4258	109596	147732
4259	109636	147725
4260	109659	147696
4261	109683	147668
4262	109706	147638
4263	109729	147609
4264	109752	147579
4265	109775	147550
4266	109797	147520
4267	109820	147490
4268	109842	147460
4269	109865	147430
4270	109887	147400
4271	109909	147369
4272	109932	147340
4273	109955	147311
4274	109979	147282
4275	110001	147251
4276	110023	147221
4277	110046	147191
4278	110068	147161
4279	110091	147130
4280	110118	147107
4281	110142	147079
4282	110165	147050
4283	110188	147021
4284	110210	146989
4285	110233	146960
4286	110257	146932
4287	110281	146904
4288	110304	146875
4289	110326	146844
4290	110352	146818
4291	110375	146789
4292	110404	146768
4293	110427	146739
4294	110455	146716
4295	110478	146687
4296	110502	146658
4297	110525	146630
4298	110549	146602
4299	110573	146574
4300	110597	146545
4301	110619	146515
4302	110641	146485
4303	110665	146456
4304	110688	146427
4305	110711	146398
4306	110733	146368
4307	110765	146350
4308	110789	146322
4309	110811	146292
4310	110837	146265
4311	110858	146234
4312	110881	146204
4313	110904	146175
4314	110927	146146
4315	110949	146116
4316	110972	146086
4317	110995	146057
4318	111019	146029
4319	111040	145997
4320	111064	145970
4321	111087	145940
4322	111111	145912
4323	111133	145881
4324	111155	145851
4325	111176	145819
4326	111199	145790
4327	111223	145762
4328	111245	145732
4329	111267	145701
4330	111298	145682
4331	111321	145653
4332	111343	145622
4333	111365	145592
4334	111388	145562
4335	111410	145532
4336	111430	145499
4337	111454	145471
4338	111475	145439
4339	111498	145410
4340	111521	145380
4341	111543	145351
4342	111578	145337
4343	111601	145308
4344	111624	145278
4345	111647	145249
4346	111670	145220
4347	111691	145188
4348	111712	145157
4349	111734	145126
4350	111756	145095
4351	111777	145064
4352	111802	145038
4353	111826	145010
4354	111848	144979
4355	111871	144950
4356	111893	144920
4357	111915	144888
4358	111938	144860
4359	111961	144830
4360	111983	144801
4361	112006	144771
4362	112028	144741
4363	112050	144710
4364	112072	144680
4365	112095	144650
4366	112126	144632
4367	112148	144602
4368	112169	144569
4369	112194	144543
4370	112219	144516
4371	112242	144487
4372	112269	144464
4373	112301	144446
4374	112325	144418
4375	112349	144390
4376	112373	144362
4377	112397	144335
4378	112422	144308
4379	112446	144280
4380	112471	144253
4381	112496	144227
4382	112518	144197
4383	112542	144168
4384	112565	144140
4385	112590	144114
4386	112614	144085
4387	112638	144057
4388	112660	144028
4389	112685	144000
4390	112707	143971
4391	112730	143941
4392	112752	143911
4393	112774	143880
4394	112796	143850
4395	112820	143822
4396	112842	143793
4397	112867	143765
4398	112892	143739
4399	112917	143712
4400	112941	143685
4401	112967	143660
4402	112993	143635
4403	113020	143610
4404	113045	143583
4405	113069	143557
4406	113096	143533
4407	113121	143506
4408	113144	143477
4409	113168	143449
4410	113194	143424
4411	113220	143398
4412	113242	143369
4413	113266	143341
4414	113290	143312
4415	113313	143284
4416	113338	143257
4417	113361	143228
4418	113384	143199
4419	113406	143169
4420	113429	143140
4421	113452	143111
4422	113475	143082
4423	113498	143053
4424	113521	143024
4425	113544	142994
4426	113568	142966
4427	113591	142938
4428	113614	142910
4429	113637	142880
4430	113660	142851
4431	113687	142827
4432	113711	142799
4433	113736	142772
4434	113759	142744
4435	113783	142716
4436	113809	142691
4437	113839	142671
4438	113865	142646
4439	113888	142617
4440	113912	142588
4441	113942	142568
4442	113969	142544
4443	114000	142526
4444	114024	142498
4445	114047	142469
4446	114069	142439
4447	114093	142411
4448	114116	142382
4449	114144	142360
4450	114168	142332
4451	114201	142316
4452	114232	142296
4453	114254	142266
4454	114279	142240
4455	114302	142211
4456	114325	142182
4457	114348	142153
4458	114371	142124
4459	114392	142092
4460	114414	142063
4461	114437	142033
4462	114460	142004
4463	114483	141975
4464	114505	141945
4465	114529	141917
4466	114551	141888
4467	114574	141859
4468	114597	141829
4469	114619	141799
4470	114644	141773
4471	114668	141746
4472	114691	141716
4473	114713	141686
4474	114735	141656
4475	114759	141628
4476	114781	141598
4477	114803	141569
4478	114827	141541
4479	114851	141513
4480	114874	141485
4481	114897	141455
4482	114921	141427
4483	114943	141397
4484	114965	141367
4485	114987	141338
4486	115010	141308
4487	115034	141281
4488	115059	141254
4489	115081	141224
4490	115104	141195
4491	115126	141166
4492	115148	141135
4493	115170	141105
4494	115193	141076
4495	115216	141048
4496	115239	141019
4497	115262	140990
4498	115287	140963
4499	115309	140933
4500	115332	140904
4501	115355	140876
4502	115378	140847
4503	115400	140817
4504	115423	140789
4505	115446	140760
4506	115469	140730
4507	115491	140700
4508	115515	140673
4509	115539	140645
4510	115571	140627
4511	115595	140599
4512	115618	140570
4513	115646	140548
4514	115670	140520
4515	115693	140492
4516	115717	140464
4517	115741	140436
4518	115762	140406
4519	115785	140376
4520	115808	140348
4521	115830	140318
4522	115855	140291
4523	115877	140262
4524	115904	140238
4525	115931	140214
4526	115958	140190
4527	115981	140161
4528	116003	140131
4529	116026	140102
4530	116049	140073
4531	116072	140045
4532	116095	140016
4533	116135	140007
4534	116166	139989
4535	116191	139962
4536	116215	139934
4537	116238	139906
4538	116262	139878
4539	116285	139850
4540	116311	139824
4541	116334	139795
4542	116357	139767
4543	116395	139757
4544	116418	139728
4545	116442	139699
4546	116464	139670
4547	116487	139641
4548	116510	139612
4549	116532	139582
4550	116556	139555
4551	116581	139528
4552	116604	139499
4553	116627	139471
4554	116651	139443
4555	116676	139417
4556	116700	139389
4557	116723	139361
4558	116746	139332
4559	116770	139305
4560	116792	139275
4561	116815	139246
4562	116838	139217
4563	116860	139188
4564	116892	139169
4565	116920	139146
4566	116944	139119
4567	116970	139094
4568	116996	139069
4569	117020	139041
4570	117061	139034
4571	117085	139007
4572	117111	138981
4573	117147	138968
4574	117174	138944
4575	117198	138917
4576	117231	138900
4577	117265	138884
4578	117289	138857
4579	117315	138831
4580	117338	138802
4581	117360	138773
4582	117389	138751
4583	117412	138722
4584	117434	138693
4585	117457	138664
4586	117488	138644
4587	117520	138627
4588	117544	138599
4589	117567	138571
4590	117591	138543
4591	117613	138513
4592	117635	138483
4593	117658	138454
4594	117680	138425
4595	117702	138395
4596	117732	138375
4597	117755	138346
4598	117777	138316
4599	117801	138288
4600	117829	138265
4601	117852	138236
4602	117874	138206
4603	117897	138179
4604	117920	138150
4605	117944	138122
4606	117968	138095
4607	117992	138067
4608	118022	138047
4609	118048	138021
4610	118073	137995
4611	118095	137966
4612	118126	137946
4613	118154	137923
4614	118176	137893
4615	118199	137865
4616	118229	137845
4617	118254	137818
4618	118286	137799
4619	118309	137771
4620	118334	137745
4621	118359	137719
4622	118387	137696
4623	118415	137673
4624	118441	137648
4625	118466	137622
4626	118490	137594
4627	118512	137564
4628	118534	137534
4629	118557	137505
4630	118580	137477
4631	118602	137447
4632	118625	137419
4633	118647	137389
4634	118670	137360
4635	118692	137331
4636	118715	137302
4637	118739	137274
4638	118764	137248
4639	118787	137220
4640	118811	137192
4641	118837	137166
4642	118860	137138
4643	118883	137110
4644	118909	137085
4645	118932	137056
4646	118955	137028
4647	118979	137000
4648	119002	136971
4649	119026	136943
4650	119050	136917
4651	119074	136889
4652	119103	136867
4653	119125	136838
4654	119153	136814
4655	119182	136793
4656	119204	136763
4657	119227	136735
4658	119250	136706
4659	119272	136676
4660	119295	136648
4661	119317	136619
4662	119339	136588
4663	119361	136559
4664	119383	136529
4665	119407	136501
4666	119430	136474
4667	119453	136444
4668	119475	136415
4669	119498	136386
4670	119521	136358
4671	119545	136331
4672	119575	136310
4673	119598	136281
4674	119619	136251
4675	119642	136223
4676	119665	136194
4677	119689	136166
4678	119711	136136
4679	119734	136108
4680	119758	136081
4681	119781	136052
4682	119803	136022
4683	119826	135994
4684	119849	135965
4685	119872	135937
4686	119896	135909
4687	119920	135882
4688	119945	135856
4689	119969	135829
4690	119993	135802
4691	120018	135775
4692	120042	135747
4693	120066	135720
4694	120089	135691
4695	120113	135664
4696	120135	135634
4697	120163	135612
4698	120186	135584
4699	120209	135555
4700	120232	135527
4701	120256	135499
4702	120280	135472
4703	120304	135444
4704	120329	135418
4705	120353	135391
4706	120376	135363
4707	120400	135334
4708	120423	135307
4709	120448	135280
4710	120473	135254
4711	120497	135227
4712	120521	135199
4713	120543	135170
4714	120566	135141
4715	120588	135112
4716	120610	135083
4717	120633	135054
4718	120657	135026
4719	120680	134998
4720	120707	134974
4721	120732	134948
4722	120756	134921
4723	120780	134893
4724	120803	134865
4725	120832	134843
4726	120855	134814
4727	120878	134786
4728	120901	134758
4729	120925	134730
4730	120950	134704
4731	120978	134681
4732	121001	134653
4733	121025	134625
4734	121047	134596
4735	121072	134570
4736	121094	134541
4737	121117	134512
4738	121139	134483
4739	121161	134453
4740	121184	134425
4741	121207	134396
4742	121229	134367
4743	121253	134339
4744	121275	134310
4745	121298	134281
4746	121321	134253
4747	121344	134224
4748	121367	134197
4749	121391	134169
4750	121414	134141
4751	121438	134113
4752	121461	134085
4753	121485	134058
4754	121510	134031
4755	121537	134008
4756	121561	133980
4757	121583	133951
4758	121606	133923
4759	121628	133894
4760	121652	133866
4761	121676	133838
4762	121699	133810
4763	121721	133781
4764	121744	133752
4765	121767	133724
4766	121789	133695
4767	121811	133666
4768	121833	133636
4769	121856	133607
4770	121879	133579
4771	121901	133550
4772	121924	133521
4773	121947	133493
4774	121970	133465
4775	121995	133439
4776	122018	133411
4777	122042	133383
4778	122065	133355
4779	122088	133326
4780	122111	133298
4781	122134	133269
4782	122156	133240
4783	122180	133213
4784	122202	133184
4785	122225	133156
4786	122248	133127
4787	122272	133100
4788	122294	133070
4789	122317	133043
4790	122341	133015
4791	122369	132992
4792	122391	132962
4793	122413	132933
4794	122435	132904
4795	122459	132876
4796	122482	132848
4797	122505	132821
4798	122528	132792
4799	122550	132763
4800	122574	132735
4801	122596	132707
4802	122625	132684
4803	122648	132656
4804	122672	132629
4805	122696	132601
4806	122719	132573
4807	122743	132546
4808	122767	132519
4809	122789	132490
4810	122814	132463
4811	122838	132436
4812	122860	132407
4813	122883	132379
4814	122905	132349
4815	122928	132321
4816	122951	132293
4817	122974	132264
4818	122998	132238
4819	123022	132210
4820	123044	132181
4821	123067	132153
4822	123090	132124
4823	123113	132096
4824	123136	132068
4825	123161	132042
4826	123186	132016
4827	123211	131990
4828	123236	131964
4829	123261	131938
4830	123287	131912
4831	123317	131892
4832	123345	131870
4833	123368	131841
4834	123390	131812
4835	123421	131792
4836	123443	131763
4837	123467	131735
4838	123494	131712
4839	123519	131686
4840	123542	131657
4841	123565	131630
4842	123588	131601
4843	123611	131573
4844	123637	131548
4845	123662	131522
4846	123686	131494
4847	123710	131467
4848	123734	131440
4849	123757	131412
4850	123780	131384
4851	123807	131360
4852	123833	131335
4853	123856	131306
4854	123878	131278
4855	123901	131249
4856	123923	131220
4857	123945	131191
4858	123968	131162
4859	123991	131134
4860	124023	131116
4861	124050	131092
4862	124076	131067
4863	124101	131041
4864	124124	131013
4865	124146	130984
4866	124172	130959
4867	124195	130930
4868	124217	130901
4869	124240	130873
4870	124263	130845
4871	124286	130817
4872	124313	130793
4873	124340	130769
4874	124362	130740
4875	124385	130712
4876	124407	130683
4877	124430	130654
4878	124463	130636
4879	124498	130620
4880	124524	130596
4881	124549	130570
4882	124575	130545
4883	124602	130520
4884	124627	130495
4885	124654	130471
4886	124687	130453
4887	124713	130429
4888	124737	130401
4889	124765	130378
4890	124790	130353
4891	124818	130330
4892	124843	130303
4893	124867	130276
4894	124890	130248
4895	124915	130222
4896	124938	130194
4897	124965	130169
4898	124992	130145
4899	125022	130125
4900	125045	130096
4901	125068	130069
4902	125091	130041
4903	125115	130013
4904	125138	129985
4905	125160	129956
4906	125182	129927
4907	125204	129898
4908	125227	129870
4909	125249	129841
4910	125279	129820
4911	125314	129804
4912	125343	129782
4913	125365	129753
4914	125388	129725
4915	125411	129697
4916	125434	129669
4917	125459	129643
4918	125481	129614
4919	125505	129586
4920	125529	129559
4921	125551	129531
4922	125574	129502
4923	125597	129474
4924	125620	129446
4925	125644	129419
4926	125668	129392
4927	125691	129364
4928	125717	129338
4929	125741	129311
4930	125763	129283
4931	125788	129256
4932	125810	129228
4933	125834	129201
4934	125857	129172
4935	125885	129150
4936	125908	129121
4937	125940	129102
4938	125964	129075
4939	125991	129052
4940	126020	129030
4941	126051	129010
4942	126073	128981
4943	126096	128952
4944	126119	128925
4945	126143	128898
4946	126166	128869
4947	126190	128842
4948	126214	128816
4949	126236	128787
4950	126259	128758
4951	126282	128730
4952	126305	128702
4953	126326	128672
4954	126348	128643
4955	126371	128615
4956	126394	128586
4957	126417	128559
4958	126441	128532
4959	126464	128504
4960	126489	128477
4961	126512	128450
4962	126535	128421
4963	126558	128394
4964	126588	128373
4965	126611	128345
4966	126633	128315
4967	126666	128298
4968	126688	128268
4969	126710	128240
4970	126732	128211
4971	126754	128182
4972	126776	128153
4973	126799	128125
4974	126823	128097
4975	126846	128069
4976	126869	128042
4977	126892	128014
4978	126921	127992
4979	126949	127968
4980	126972	127941
4981	126997	127914
4982	127024	127890
4983	127053	127869
4984	127078	127842
4985	127102	127816
4986	127129	127792
4987	127154	127766
4988	127178	127739
4989	127204	127714
4990	127234	127693
4991	127265	127672
4992	127292	127649
4993	127321	127627
4994	127348	127603
4995	127374	127578
4996	127399	127552
4997	127422	127524
4998	127449	127500
4999	127476	127476
5000	127501	127450
5001	127527	127425
5002	127552	127399
5003	127578	127374
5004	127604	127349
5005	127634	127328
5006	127663	127306
5007	127687	127279
5008	127712	127253
5009	127741	127231
5010	127771	127210
5011	127800	127189
5012	127825	127162
5013	127848	127134
5014	127874	127109
5015	127898	127082
5016	127926	127059
5017	127951	127033
5018	127975	127007
5019	128000	126980
5020	128024	126953
5021	128050	126928
5022	128078	126905
5023	128102	126878
5024	128125	126850
5025	128153	126827
5026	128177	126800
5027	128202	126774
5028	128230	126751
5029	128257	126728
5030	128288	126707
5031	128315	126683
5032	128337	126654
5033	128365	126631
5034	128388	126603
5035	128411	126575
5036	128433	126546
5037	128460	126522
5038	128486	126497
5039	128512	126472
5040	128537	126446
5041	128559	126417
5042	128581	126388
5043	128606	126362
5044	128638	126343
5045	128661	126315
5046	128686	126289
5047	128709	126262
5048	128734	126235
5049	128758	126208
5050	128782	126181
5051	128804	126152
5052	128826	126123
5053	128849	126095
5054	128871	126067
5055	128894	126038
5056	128915	126009
5057	128945	125987
5058	128972	125963
5059	128995	125936
5060	129021	125911
5061	129047	125886
5062	129072	125860
5063	129099	125836
5064	129124	125810
5065	129149	125784
5066	129173	125757
5067	129197	125730
5068	129218	125700
5069	129240	125671
5070	129265	125645
5071	129289	125618
5072	129315	125593
5073	129339	125566
5074	129363	125539
5075	129388	125513
5076	129413	125488
5077	129438	125462
5078	129462	125435
5079	129485	125407
5080	129510	125381
5081	129537	125357
5082	129562	125331
5083	129590	125308
5084	129615	125282
5085	129642	125257
5086	129668	125233
5087	129691	125205
5088	129718	125180
5089	129744	125156
5090	129773	125134
5091	129799	125108
5092	129825	125083
5093	129853	125060
5094	129880	125037
5095	129908	125014
5096	129936	124990
5097	129960	124963
5098	129983	124935
5099	130004	124906
5100	130026	124877
5101	130049	124849
5102	130072	124822
5103	130095	124793
5104	130119	124766
5105	130144	124741
5106	130167	124713
5107	130191	124685
5108	130214	124658
5109	130237	124630
5110	130260	124602
5111	130285	124576
5112	130308	124548
5113	130329	124519
5114	130352	124491
5115	130374	124462
5116	130396	124433
5117	130418	124404
5118	130439	124375
5119	130464	124349
5120	130487	124321
5121	130509	124292
5122	130532	124264
5123	130554	124235
5124	130578	124208
5125	130601	124180
5126	130624	124152
5127	130649	124127
5128	130673	124100
5129	130696	124072
5130	130719	124045
5131	130742	124016
5132	130765	123989
5133	130788	123960
5134	130810	123932
5135	130833	123904
5136	130857	123877
5137	130881	123850
5138	130904	123823
5139	130927	123795
5140	130952	123769
5141	130976	123742
5142	130999	123714
5143	131021	123685
5144	131044	123658
5145	131069	123632
5146	131092	123604
5147	131115	123576
5148	131141	123551
5149	131165	123524
5150	131189	123497
5151	131215	123473
5152	131239	123446
5153	131266	123422
5154	131289	123394
5155	131311	123365
5156	131333	123336
5157	131356	123309
5158	131381	123282
5159	131405	123256
5160	131434	123233
5161	131480	123227
5162	131509	123206
5163	131539	123184
5164	131573	123167
5165	131606	123148
5166	131635	123126
5167	131664	123104
5168	131689	123078
5169	131712	123050
5170	131735	123022
5171	131759	122996
5172	131781	122967
5173	131805	122940
5174	131828	122912
5175	131850	122883
5176	131874	122856
5177	131897	122829
5178	131920	122801
5179	131942	122772
5180	131965	122745
5181	131989	122718
5182	132012	122690
5183	132035	122663
5184	132062	122638
5185	132087	122612
5186	132110	122585
5187	132138	122561
5188	132165	122538
5189	132189	122510
5190	132213	122483
5191	132236	122456
5192	132259	122428
5193	132287	122405
5194	132310	122378
5195	132333	122350
5196	132357	122322
5197	132380	122295
5198	132402	122267
5199	132425	122238
5200	132448	122210
5201	132470	122182
5202	132493	122155
5203	132518	122129
5204	132542	122101
5205	132564	122073
5206	132586	122044
5207	132610	122017
5208	132634	121990
5209	132658	121964
5210	132682	121937
5211	132704	121909
5212	132727	121881
5213	132758	121861
5214	132783	121834
5215	132821	121821
5216	132845	121794
5217	132868	121766
5218	132891	121738
5219	132913	121710
5220	132935	121681
5221	132958	121653
5222	132980	121624
5223	133003	121597
5224	133024	121568
5225	133047	121540
5226	133071	121513
5227	133093	121484
5228	133117	121457
5229	133139	121429
5230	133165	121404
5231	133202	121389
5232	133228	121364
5233	133250	121335
5234	133272	121307
5235	133296	121280
5236	133320	121253
5237	133344	121226
5238	133367	121199
5239	133390	121171
5240	133413	121143
5241	133436	121116
5242	133459	121088
5243	133483	121061
5244	133510	121037
5245	133533	121010
5246	133567	120992
5247	133594	120968
5248	133623	120945
5249	133651	120923
5250	133681	120901
5251	133714	120882
5252	133738	120856
5253	133763	120829
5254	133785	120801
5255	133810	120775
5256	133834	120749
5257	133857	120721
5258	133880	120693
5259	133903	120666
5260	133928	120639
5261	133950	120611
5262	133973	120583
5263	133995	120555
5264	134023	120531
5265	134047	120505
5266	134070	120477
5267	134094	120451
5268	134118	120423
5269	134139	120394
5270	134163	120368
5271	134189	120343
5272	134212	120315
5273	134236	120288
5274	134260	120261
5275	134283	120234
5276	134306	120206
5277	134334	120183
5278	134357	120156
5279	134380	120128
5280	134411	120107
5281	134434	120080
5282	134459	120054
5283	134481	120025
5284	134502	119996
5285	134526	119969
5286	134548	119940
5287	134571	119913
5288	134593	119884
5289	134617	119857
5290	134639	119829
5291	134661	119801
5292	134691	119779
5293	134714	119751
5294	134737	119723
5295	134760	119696
5296	134781	119667
5297	134804	119639
5298	134828	119613
5299	134851	119585
5300	134873	119556
5301	134895	119528
5302	134918	119500
5303	134942	119473
5304	134965	119446
5305	134992	119422
5306	135014	119393
5307	135035	119364
5308	135057	119336
5309	135081	119309
5310	135111	119287
5311	135139	119264
5312	135166	119240
5313	135197	119219
5314	135220	119192
5315	135242	119164
5316	135264	119135
5317	135292	119112
5318	135319	119088
5319	135351	119068
5320	135376	119042
5321	135399	119015
5322	135425	118990
5323	135449	118963
5324	135472	118935
5325	135496	118909
5326	135520	118882
5327	135544	118856
5328	135568	118829
5329	135591	118801
5330	135615	118774
5331	135641	118749
5332	135666	118723
5333	135691	118698
5334	135718	118673
5335	135748	118652
5336	135771	118625
5337	135795	118598
5338	135823	118575
5339	135847	118548
5340	135871	118521
5341	135898	118497
5342	135920	118469
5343	135943	118441
5344	135968	118416
5345	135994	118391
5346	136018	118364
5347	136044	118339
5348	136072	118316
5349	136100	118292
5350	136135	118275
5351	136160	118249
5352	136200	118237
5353	136225	118211
5354	136256	118191
5355	136290	118172
5356	136319	118149
5357	136343	118123
5358	136377	118105
5359	136408	118085
5360	136435	118061
5361	136459	118033
5362	136481	118005
5363	136502	117976
5364	136524	117948
5365	136549	117921
5366	136569	117892
5367	136591	117863
5368	136614	117835
5369	136635	117806
5370	136657	117777
5371	136678	117749
5372	136701	117721
5373	136724	117694
5374	136745	117665
5375	136767	117636
5376	136788	117606
5377	136811	117579
5378	136832	117550
5379	136855	117522
5380	136877	117494
5381	136901	117467
5382	136928	117443
5383	136955	117419
5384	136983	117396
5385	137009	117371
5386	137035	117346
5387	137059	117319
5388	137082	117292
5389	137107	117266
5390	137130	117239
5391	137154	117211
5392	137177	117184
5393	137199	117156
5394	137225	117131
5395	137249	117104
5396	137271	117076
5397	137295	117049
5398	137318	117021
5399	137341	116994
5400	137367	116970
5401	137391	116943
5402	137415	116916
5403	137439	116889
5404	137461	116861
5405	137487	116836
5406	137516	116813
5407	137538	116785
5408	137560	116757
5409	137583	116729
5410	137621	116714
5411	137645	116688
5412	137670	116662
5413	137694	116636
5414	137722	116612
5415	137750	116589
5416	137775	116563
5417	137798	116536
5418	137824	116511
5419	137848	116484
5420	137873	116458
5421	137896	116431
5422	137919	116403
5423	137945	116378
5424	137970	116352
5425	137996	116327
5426	138019	116300
5427	138043	116273
5428	138069	116249
5429	138100	116227
5430	138128	116205
5431	138158	116183
5432	138185	116159
5433	138211	116134
5434	138238	116110
5435	138263	116084
5436	138287	116057
5437	138311	116031
5438	138335	116004
5439	138358	115977
5440	138381	115949
5441	138404	115921
5442	138439	115904
5443	138464	115878
5444	138493	115856
5445	138518	115830
5446	138545	115806
5447	138569	115780
5448	138594	115754
5449	138618	115727
5450	138642	115700
5451	138667	115675
5452	138698	115653
5453	138728	115632
5454	138757	115609
5455	138791	115591
5456	138817	115567
5457	138840	115539
5458	138862	115511
5459	138885	115483
5460	138907	115455
5461	138935	115431
5462	138962	115407
5463	138985	115380
5464	139007	115352
5465	139030	115324
5466	139059	115301
5467	139085	115276
5468	139114	115255
5469	139142	115231
5470	139172	115209
5471	139202	115188
5472	139228	115162
5473	139251	115135
5474	139278	115111
5475	139302	115084
5476	139325	115057
5477	139349	115030
5478	139371	115002
5479	139400	114979
5480	139425	114954
5481	139447	114925
5482	139470	114898
5483	139493	114871
5484	139515	114842
5485	139539	114815
5486	139562	114788
5487	139587	114762
5488	139616	114740
5489	139638	114712
5490	139662	114685
5491	139686	114659
5492	139709	114631
5493	139735	114606
5494	139762	114582
5495	139785	114554
5496	139806	114525
5497	139831	114499
5498	139854	114472
5499	139878	114445
5500	139900	114417
5501	139922	114389
5502	139944	114361
5503	139972	114337
5504	139998	114312
5505	140029	114291
5506	140056	114267
5507	140079	114240
5508	140100	114211
5509	140122	114183
5510	140145	114155
5511	140170	114130
5512	140193	114102
5513	140217	114076
5514	140240	114048
5515	140265	114023
5516	140288	113995
5517	140312	113969
5518	140345	113949
5519	140368	113922
5520	140393	113896
5521	140416	113868
5522	140439	113841
5523	140462	113813
5524	140486	113788
5525	140509	113760
5526	140531	113731
5527	140553	113703
5528	140576	113676
5529	140599	113648
5530	140623	113622
5531	140647	113596
5532	140671	113569
5533	140693	113541
5534	140716	113514
5535	140740	113487
5536	140766	113462
5537	140803	113446
5538	140834	113425
5539	140863	113402
5540	140892	113380
5541	140921	113357
5542	140948	113333
5543	140977	113310
5544	141001	113284
5545	141027	113259
5546	141056	113236
5547	141084	113213
5548	141110	113188
5549	141133	113160
5550	141154	113131
5551	141183	113109
5552	141213	113087
5553	141235	113059
5554	141259	113032
5555	141284	113007
5556	141307	112979
5557	141333	112955
5558	141359	112930
5559	141387	112906
5560	141417	112884
5561	141443	112859
5562	141473	112838
5563	141508	112820
5564	141535	112796
5565	141560	112770
5566	141587	112746
5567	141617	112724
5568	141646	112701
5569	141669	112674
5570	141694	112648
5571	141718	112622
5572	141742	112595
5573	141765	112568
5574	141790	112542
5575	141813	112514
5576	141838	112489
5577	141861	112461
5578	141885	112434
5579	141907	112407
5580	141931	112380
5581	141955	112353
5582	141979	112327
5583	142002	112299
5584	142024	112271
5585	142047	112244
5586	142071	112217
5587	142094	112190
5588	142117	112163
5589	142143	112138
5590	142167	112111
5591	142194	112087
5592	142229	112069
5593	142256	112045
5594	142279	112018
5595	142304	111992
5596	142328	111965
5597	142352	111939
5598	142379	111915
5599	142408	111892
5600	142438	111870
5601	142468	111848
5602	142494	111823
5603	142520	111798
5604	142545	111772
5605	142571	111747
5606	142595	111721
5607	142618	111693
5608	142647	111671
5609	142670	111644
5610	142696	111619
5611	142721	111593
5612	142744	111566
5613	142768	111539
5614	142791	111512
5615	142818	111487
5616	142841	111460
5617	142865	111433
5618	142889	111407
5619	142916	111383
5620	142951	111365
5621	142973	111337
5622	143000	111313
5623	143023	111285
5624	143047	111259
5625	143071	111232
5626	143094	111205
5627	143117	111178
5628	143141	111151
5629	143164	111124
5630	143191	111100
5631	143228	111083
5632	143263	111065
5633	143291	111041
5634	143321	111019
5635	143352	110998
5636	143379	110974
5637	143407	110951
5638	143443	110933
5639	143468	110908
5640	143497	110885
5641	143526	110862
5642	143550	110836
5643	143574	110809
5644	143598	110783
5645	143622	110756
5646	143643	110728
5647	143666	110700
5648	143689	110672
5649	143713	110646
5650	143737	110619
5651	143760	110592
5652	143785	110567
5653	143809	110540
5654	143835	110515
5655	143858	110488
5656	143886	110464
5657	143913	110440
5658	143940	110416
5659	143972	110396
5660	144001	110373
5661	144029	110349
5662	144057	110326
5663	144085	110302
5664	144109	110276
5665	144137	110252
5666	144174	110236
5667	144202	110212
5668	144234	110192
5669	144264	110170
5670	144291	110146
5671	144320	110123
5672	144350	110101
5673	144377	110076
5674	144400	110049
5675	144425	110023
5676	144448	109996
5677	144475	109972
5678	144503	109949
5679	144536	109929
5680	144572	109911
5681	144603	109890
5682	144631	109867
5683	144660	109844
5684	144683	109816
5685	144715	109796
5686	144744	109773
5687	144771	109749
5688	144795	109722
5689	144817	109694
5690	144845	109671
5691	144869	109645
5692	144893	109618
5693	144915	109589
5694	144939	109563
5695	144966	109539
5696	144990	109512
5697	145013	109485
5698	145035	109457
5699	145060	109431
5700	145082	109403
5701	145103	109374
5702	145133	109352
5703	145173	109338
5704	145204	109316
5705	145228	109290
5706	145251	109263
5707	145279	109239
5708	145303	109212
5709	145327	109186
5710	145354	109162
5711	145378	109135
5712	145412	109116
5713	145438	109091
5714	145466	109067
5715	145490	109041
5716	145515	109016
5717	145538	108988
5718	145565	108963
5719	145587	108936
5720	145612	108910
5721	145638	108885
5722	145661	108858
5723	145685	108831
5724	145707	108803
5725	145732	108777
5726	145755	108750
5727	145778	108723
5728	145800	108694
5729	145823	108667
5730	145846	108640
5731	145872	108615
5732	145903	108593
5733	145931	108570
5734	145960	108547
5735	145988	108524
5736	146018	108502
5737	146043	108476
5738	146079	108458
5739	146111	108438
5740	146136	108412
5741	146163	108387
5742	146190	108363
5743	146221	108342
5744	146249	108318
5745	146273	108292
5746	146296	108265
5747	146318	108236
5748	146341	108209
5749	146371	108187
5750	146398	108163
5751	146422	108136
5752	146444	108108
5753	146467	108081
5754	146490	108054
5755	146513	108026
5756	146536	107999
5757	146560	107972
5758	146587	107949
5759	146619	107928
5760	146650	107907
5761	146682	107886
5762	146709	107862
5763	146744	107843
5764	146774	107821
5765	146805	107800
5766	146836	107778
5767	146871	107759
5768	146902	107738
5769	146931	107715
5770	146962	107694
5771	146999	107677
5772	147034	107659
5773	147065	107637
5774	147099	107618
5775	147129	107595
5776	147152	107568
5777	147180	107545
5778	147205	107519
5779	147236	107497
5780	147259	107470
5781	147281	107442
5782	147305	107416
5783	147330	107390
5784	147352	107362
5785	147378	107336
5786	147405	107313
5787	147430	107286
5788	147454	107260
5789	147485	107238
5790	147510	107213
5791	147532	107185
5792	147557	107159
5793	147578	107130
5794	147601	107103
5795	147624	107076
5796	147646	107048
5797	147670	107021
5798	147693	106994
5799	147716	106967
5800	147743	106942
5801	147768	106917
5802	147795	106892
5803	147822	106868
5804	147855	106848
5805	147888	106828
5806	147915	106803
5807	147940	106777
5808	147964	106751
5809	147991	106727
5810	148021	106704
5811	148047	106679
5812	148073	106654
5813	148095	106626
5814	148117	106599
5815	148139	106571
5816	148161	106542
5817	148182	106514
5818	148206	106487
5819	148229	106460
5820	148253	106433
5821	148276	106406
5822	148299	106379
5823	148320	106350
5824	148343	106323
5825	148370	106299
5826	148395	106273
5827	148424	106250
5828	148451	106225
5829	148479	106202
5830	148513	106183
5831	148540	106158
5832	148562	106130
5833	148586	106104
5834	148609	106077
5835	148631	106049
5836	148654	106021
5837	148677	105994
5838	148701	105967
5839	148723	105939
5840	148748	105914
5841	148771	105886
5842	148795	105860
5843	148828	105840
5844	148864	105822
5845	148896	105801
5846	148928	105780
5847	148958	105758
5848	148986	105734
5849	149016	105712
5850	149045	105689
5851	149072	105665
5852	149108	105647
5853	149140	105626
5854	149168	105602
5855	149192	105576
5856	149219	105551
5857	149246	105527
5858	149268	105499
5859	149291	105471
5860	149313	105443
5861	149334	105415
5862	149356	105387
5863	149379	105360
5864	149402	105333
5865	149427	105307
5866	149451	105281
5867	149474	105253
5868	149497	105226
5869	149519	105198
5870	149543	105171
5871	149566	105144
5872	149588	105116
5873	149610	105089
5874	149633	105061
5875	149656	105034
5876	149679	105007
5877	149702	104980
5878	149725	104952
5879	149748	104926
5880	149772	104899
5881	149801	104876
5882	149827	104850
5883	149848	104822
5884	149872	104796
5885	149896	104769
5886	149920	104743
5887	149946	104717
5888	149967	104689
5889	149989	104661
5890	150009	104632
5891	150031	104604
5892	150054	104577
5893	150079	104551
5894	150102	104524
5895	150132	104501
5896	150158	104476
5897	150184	104451
5898	150212	104428
5899	150240	104404
5900	150269	104381
5901	150298	104358
5902	150328	104335
5903	150357	104312
5904	150385	104289
5905	150415	104266
5906	150446	104245
5907	150472	104220
5908	150494	104192
5909	150516	104164
5910	150544	104140
5911	150568	104114
5912	150591	104086
5913	150614	104059
5914	150638	104033
5915	150661	104006
5916	150683	103978
5917	150709	103953
5918	150734	103927
5919	150759	103901
5920	150789	103879
5921	150822	103858
5922	150852	103836
5923	150882	103814
5924	150912	103791
5925	150943	103770
5926	150974	103748
5927	151004	103726
5928	151033	103703
5929	151062	103680
5930	151091	103657
5931	151115	103630
5932	151145	103608
5933	151167	103580
5934	151188	103552
5935	151210	103524
5936	151232	103496
5937	151254	103468
5938	151278	103441
5939	151299	103413
5940	151322	103385
5941	151345	103359
5942	151368	103332
5943	151389	103303
5944	151411	103275
5945	151433	103247
5946	151457	103221
5947	151481	103194
5948	151505	103168
5949	151528	103141
5950	151553	103115
5951	151577	103088
5952	151599	103061
5953	151623	103034
5954	151648	103008
5955	151670	102981
5956	151692	102953
5957	151715	102925
5958	151744	102903
5959	151768	102876
5960	151790	102848
5961	151814	102822
5962	151837	102795
5963	151862	102769
5964	151891	102746
5965	151914	102719
5966	151941	102695
5967	151967	102669
5968	151991	102642
5969	152014	102616
5970	152038	102589
5971	152062	102563
5972	152087	102537
5973	152109	102509
5974	152133	102483
5975	152157	102456
5976	152182	102430
5977	152207	102404
5978	152231	102378
5979	152254	102351
5980	152276	102324
5981	152299	102296
5982	152334	102277
5983	152358	102251
5984	152384	102226
5985	152416	102204
5986	152440	102178
5987	152468	102155
5988	152494	102130
5989	152519	102104
5990	152551	102083
5991	152582	102061
5992	152615	102040
5993	152647	102019
5994	152674	101995
5995	152699	101969
5996	152723	101942
5997	152752	101919
5998	152781	101897
5999	152813	101875
6000	152852	101859
6001	152877	101833
6002	152902	101807
6003	152926	101781
6004	152949	101754
6005	152973	101727
6006	152998	101701
6007	153021	101674
6008	153045	101648
6009	153068	101621
6010	153093	101595
6011	153116	101568
6012	153138	101540
6013	153160	101513
6014	153183	101485
6015	153210	101461
6016	153239	101438
6017	153267	101414
6018	153297	101391
6019	153328	101369
6020	153351	101343
6021	153373	101315
6022	153396	101288
6023	153420	101261
6024	153445	101235
6025	153474	101212
6026	153500	101187
6027	153523	101160
6028	153548	101134
6029	153576	101111
6030	153600	101084
6031	153622	101056
6032	153663	101041
6033	153689	101016
6034	153716	100991
6035	153742	100966
6036	153777	100947
6037	153804	100922
6038	153833	100899
6039	153856	100873
6040	153882	100847
6041	153906	100821
6042	153928	100793
6043	153953	100767
6044	153978	100742
6045	154004	100716
6046	154028	100690
6047	154052	100663
6048	154078	100639
6049	154103	100613
6050	154126	100586
6051	154150	100559
6052	154175	100533
6053	154215	100518
6054	154242	100493
6055	154267	100467
6056	154290	100440
6057	154314	100413
6058	154337	100386
6059	154362	100361
6060	154386	100334
6061	154408	100307
6062	154430	100279
6063	154453	100252
6064	154480	100227
6065	154503	100200
6066	154526	100173
6067	154561	100153
6068	154589	100130
6069	154617	100106
6070	154642	100080
6071	154666	100054
6072	154691	100028
6073	154721	100005
6074	154749	99981
6075	154775	99957
6076	154799	99930
6077	154824	99905
6078	154849	99879
6079	154876	99854
6080	154899	99827
6081	154921	99799
6082	154947	99774
6083	154978	99752
6084	155005	99728
6085	155030	99702
6086	155059	99679
6087	155082	99652
6088	155111	99628
6089	155139	99605
6090	155164	99579
6091	155189	99553
6092	155215	99528
6093	155246	99506
6094	155272	99481
6095	155303	99459
6096	155329	99434
6097	155357	99410
6098	155392	99390
6099	155417	99364
6100	155441	99338
6101	155464	99311
6102	155488	99285
6103	155510	99257
6104	155531	99229
6105	155554	99202
6106	155578	99175
6107	155601	99148
6108	155628	99124
6109	155658	99101
6110	155682	99075
6111	155706	99048
6112	155732	99023
6113	155755	98996
6114	155777	98968
6115	155799	98941
6116	155822	98914
6117	155848	98889
6118	155872	98863
6119	155897	98836
6120	155927	98814
6121	155955	98790
6122	155991	98771
6123	156017	98746
6124	156038	98718
6125	156064	98693
6126	156092	98668
6127	156121	98645
6128	156155	98626
6129	156180	98600
6130	156205	98574
6131	156229	98547
6132	156253	98521
6133	156276	98494
6134	156300	98467
6135	156324	98441
6136	156346	98414
6137	156372	98388
6138	156396	98362
6139	156419	98335
6140	156443	98308
6141	156470	98284
6142	156493	98257
6143	156522	98234
6144	156554	98212
6145	156580	98187
6146	156606	98162
6147	156630	98135
6148	156656	98110
6149	156683	98086
6150	156708	98060
6151	156731	98033
6152	156760	98010
6153	156785	97984
6154	156810	97958
6155	156835	97932
6156	156857	97905
6157	156879	97877
6158	156901	97849
6159	156923	97822
6160	156945	97794
6161	156969	97768
6162	156992	97741
6163	157017	97715
6164	157041	97689
6165	157064	97661
6166	157088	97636
6167	157111	97608
6168	157134	97581
6169	157156	97554
6170	157178	97526
6171	157200	97498
6172	157222	97471
6173	157244	97443
6174	157266	97416
6175	157289	97388
6176	157310	97361
6177	157333	97333
6178	157363	97311
6179	157387	97284
6180	157412	97259
6181	157436	97232
6182	157461	97207
6183	157487	97181
6184	157514	97157
6185	157542	97133
6186	157567	97107
6187	157593	97082
6188	157618	97056
6189	157642	97030
6190	157665	97003
6191	157688	96976
6192	157710	96948
6193	157732	96921
6194	157760	96897
6195	157783	96870
6196	157805	96842
6197	157827	96815
6198	157849	96787
6199	157872	96760
6200	157898	96735
6201	157922	96709
6202	157945	96682
6203	157970	96656
6204	157994	96630
6205	158018	96603
6206	158045	96579
6207	158075	96556
6208	158102	96532
6209	158126	96505
6210	158159	96484
6211	158189	96462
6212	158214	96436
6213	158243	96412
6214	158275	96391
6215	158307	96370
6216	158336	96346
6217	158365	96323
6218	158389	96297
6219	158411	96269
6220	158433	96241
6221	158455	96214
6222	158483	96190
6223	158505	96162
6224	158530	96137
6225	158555	96110
6226	158583	96087
6227	158610	96062
6228	158637	96038
6229	158659	96010
6230	158683	95984
6231	158705	95956
6232	158728	95929
6233	158749	95901
6234	158771	95874
6235	158794	95847
6236	158819	95821
6237	158841	95793
6238	158867	95768
6239	158889	95740
6240	158912	95713
6241	158935	95687
6242	158960	95661
6243	158985	95635
6244	159010	95609
6245	159035	95584
6246	159059	95558
6247	159082	95531
6248	159106	95504
6249	159133	95479
6250	159164	95457
6251	159189	95432
6252	159213	95405
6253	159236	95379
6254	159258	95351
6255	159285	95326
6256	159310	95301
6257	159336	95275
6258	159361	95250
6259	159402	95234
6260	159433	95212
6261	159460	95187
6262	159483	95160
6263	159505	95132
6264	159528	95105
6265	159551	95078
6266	159574	95051
6267	159600	95026
6268	159630	95004
6269	159660	94981
6270	159686	94956
6271	159708	94928
6272	159731	94901
6273	159754	94874
6274	159777	94848
6275	159800	94821
6276	159822	94793
6277	159844	94766
6278	159870	94740
6279	159898	94716
6280	159922	94690
6281	159944	94662
6282	159972	94639
6283	159995	94611
6284	160016	94584
6285	160039	94557
6286	160062	94530
6287	160090	94506
6288	160120	94483
6289	160146	94458
6290	160171	94432
6291	160195	94406
6292	160217	94379
6293	160240	94351
6294	160263	94325
6295	160285	94297
6296	160308	94270
6297	160330	94243
6298	160354	94216
6299	160377	94189
6300	160404	94165
6301	160430	94140
6302	160459	94117
6303	160490	94094
6304	160519	94071
6305	160554	94051
6306	160582	94027
6307	160615	94006
6308	160655	93989
6309	160689	93969
6310	160710	93941
6311	160732	93913
6312	160753	93885
6313	160774	93857
6314	160796	93829
6315	160818	93802
6316	160839	93774
6317	160861	93747
6318	160883	93719
6319	160904	93691
6320	160926	93663
6321	160948	93636
6322	160971	93609
6323	160992	93581
6324	161015	93554
6325	161036	93526
6326	161058	93498
6327	161081	93472
6328	161107	93446
6329	161129	93419
6330	161151	93392
6331	161174	93365
6332	161197	93338
6333	161220	93311
6334	161243	93284
6335	161264	93256
6336	161286	93228
6337	161307	93201
6338	161329	93173
6339	161353	93147
6340	161380	93122
6341	161412	93100
6342	161435	93074
6343	161461	93049
6344	161487	93023
6345	161513	92998
6346	161537	92972
6347	161563	92947
6348	161590	92923
6349	161619	92899
6350	161646	92874
6351	161706	92869
6352	161734	92845
6353	161757	92818
6354	161777	92789
6355	161800	92762
6356	161822	92735
6357	161844	92707
6358	161865	92680
6359	161887	92652
6360	161909	92625
6361	161933	92599
6362	161958	92573
6363	161982	92546
6364	162007	92520
6365	162036	92497
6366	162075	92480
6367	162104	92456
6368	162148	92441
6369	162198	92430
6370	162228	92407
6371	162254	92382
6372	162287	92361
6373	162314	92336
6374	162336	92308
6375	162359	92282
6376	162386	92257
6377	162411	92231
6378	162436	92205
6379	162465	92182
6380	162491	92157
6381	162515	92131
6382	162539	92104
6383	162571	92083
6384	162595	92056
6385	162623	92032
6386	162646	92005
6387	162668	91978
6388	162692	91952
6389	162715	91925
6390	162739	91898
6391	162761	91871
6392	162791	91848
6393	162820	91825
6394	162842	91797
6395	162864	91770
6396	162885	91742
6397	162907	91715
6398	162928	91687
6399	162950	91659
6400	162973	91632
6401	162994	91604
6402	163016	91577
6403	163039	91550
6404	163060	91522
6405	163083	91495
6406	163105	91468
6407	163128	91441
6408	163152	91415
6409	163173	91387
6410	163195	91359
6411	163217	91332
6412	163238	91304
6413	163259	91276
6414	163279	91248
6415	163301	91220
6416	163327	91195
6417	163354	91170
6418	163375	91143
6419	163397	91115
6420	163419	91088
6421	163440	91060
6422	163462	91032
6423	163484	91005
6424	163505	90977
6425	163526	90949
6426	163547	90922
6427	163569	90894
6428	163591	90866
6429	163617	90842
6430	163640	90815
6431	163661	90787
6432	163682	90759
6433	163705	90732
6434	163726	90704
6435	163748	90677
6436	163770	90650
6437	163793	90623
6438	163816	90596
6439	163838	90569
6440	163861	90542
6441	163883	90514
6442	163905	90487
6443	163927	90460
6444	163964	90441
6445	163986	90413
6446	164008	90386
6447	164036	90362
6448	164057	90334
6449	164079	90307
6450	164102	90280
6451	164125	90253
6452	164147	90226
6453	164177	90203
6454	164199	90176
6455	164220	90148
6456	164241	90120
6457	164264	90093
6458	164286	90066
6459	164315	90042
6460	164337	90015
6461	164359	89987
6462	164379	89960
6463	164401	89932
6464	164422	89904
6465	164444	89877
6466	164465	89849
6467	164486	89821
6468	164507	89793
6469	164528	89765
6470	164550	89738
6471	164571	89711
6472	164593	89683
6473	164614	89655
6474	164636	89628
6475	164657	89600
6476	164681	89574
6477	164703	89547
6478	164725	89519
6479	164747	89492
6480	164768	89464
6481	164789	89436
6482	164810	89409
6483	164832	89381
6484	164858	89356
6485	164881	89329
6486	164902	89302
6487	164924	89274
6488	164946	89247
6489	164968	89220
6490	164990	89193
6491	165019	89169
6492	165041	89142
6493	165063	89114
6494	165083	89086
6495	165105	89059
6496	165129	89033
6497	165160	89010
6498	165182	88983
6499	165203	88955
6500	165223	88927
6501	165246	88900
6502	165268	88873
6503	165291	88846
6504	165313	88819
6505	165341	88795
6506	165368	88770
6507	165391	88744
6508	165414	88717
6509	165436	88690
6510	165459	88663
6511	165480	88635
6512	165501	88608
6513	165524	88581
6514	165545	88553
6515	165567	88526
6516	165589	88498
6517	165610	88471
6518	165637	88446
6519	165660	88419
6520	165682	88392
6521	165706	88366
6522	165727	88338
6523	165748	88311
6524	165770	88284
6525	165792	88256
6526	165815	88229
6527	165837	88202
6528	165859	88175
6529	165881	88148
6530	165911	88125
6531	165945	88104
6532	165968	88077
6533	165990	88050
6534	166012	88023
6535	166033	87995
6536	166055	87968
6537	166079	87942
6538	166104	87916
6539	166131	87892
6540	166156	87866
6541	166179	87840
6542	166200	87812
6543	166222	87785
6544	166244	87757
6545	166265	87729
6546	166291	87704
6547	166311	87676
6548	166332	87649
6549	166359	87624
6550	166393	87603
6551	166419	87578
6552	166447	87554
6553	166484	87535
6554	166527	87518
6555	166561	87498
6556	166609	87484
6557	166639	87461
6558	166670	87438
6559	166699	87415
6560	166724	87390
6561	166747	87363
6562	166769	87336
6563	166791	87308
6564	166818	87284
6565	166840	87256
6566	166861	87229
6567	166882	87201
6568	166904	87174
6569	166925	87146
6570	166947	87119
6571	166968	87091
6572	166990	87064
6573	167011	87037
6574	167033	87009
6575	167055	86982
6576	167076	86955
6577	167097	86927
6578	167119	86900
6579	167142	86873
6580	167165	86846
6581	167188	86820
6582	167209	86792
6583	167229	86764
6584	167253	86738
6585	167275	86710
6586	167297	86683
6587	167320	86657
6588	167345	86631
6589	167368	86605
6590	167392	86578
6591	167414	86551
6592	167436	86524
6593	167457	86497
6594	167479	86469
6595	167500	86442
6596	167522	86414
6597	167544	86387
6598	167565	86360
6599	167588	86333
6600	167610	86306
6601	167631	86278
6602	167653	86251
6603	167676	86225
6604	167698	86197
6605	167723	86172
6606	167745	86145
6607	167767	86118
6608	167789	86090
6609	167809	86062
6610	167831	86035
6611	167853	86008
6612	167876	85981
6613	167897	85954
6614	167918	85926
6615	167940	85899
6616	167961	85871
6617	167985	85845
6618	168006	85818
6619	168028	85791
6620	168050	85763
6621	168073	85737
6622	168094	85709
6623	168115	85682
6624	168137	85655
6625	168159	85627
6626	168181	85600
6627	168202	85573
6628	168224	85545
6629	168246	85519
6630	168268	85491
6631	168293	85466
6632	168315	85439
6633	168337	85412
6634	168359	85384
6635	168380	85357
6636	168402	85330
6637	168423	85302
6638	168445	85275
6639	168466	85247
6640	168489	85221
6641	168511	85194
6642	168532	85166
6643	168554	85139
6644	168577	85113
6645	168599	85086
6646	168621	85059
6647	168643	85031
6648	168664	85004
6649	168688	84978
6650	168710	84951
6651	168731	84923
6652	168755	84897
6653	168780	84871
6654	168802	84844
6655	168824	84818
6656	168846	84791
6657	168868	84764
6658	168889	84736
6659	168914	84710
6660	168938	84684
6661	168961	84658
6662	168983	84631
6663	169005	84604
6664	169027	84577
6665	169052	84551
6666	169079	84526
6667	169103	84501
6668	169125	84474
6669	169155	84450
6670	169180	84425
6671	169205	84399
6672	169232	84375
6673	169260	84351
6674	169287	84326
6675	169311	84300
6676	169338	84276
6677	169364	84251
6678	169389	84225
6679	169415	84200
6680	169439	84174
6681	169463	84148
6682	169485	84121
6683	169507	84094
6684	169529	84067
6685	169552	84040
6686	169574	84013
6687	169597	83987
6688	169620	83960
6689	169643	83934
6690	169668	83908
6691	169688	83880
6692	169709	83853
6693	169730	83825
6694	169753	83799
6695	169781	83775
6696	169804	83748
6697	169827	83722
6698	169851	83696
6699	169873	83669
6700	169895	83642
6701	169917	83614
6702	169939	83587
6703	169961	83560
6704	169983	83534
6705	170007	83508
6706	170030	83481
6707	170052	83454
6708	170075	83428
6709	170097	83400
6710	170120	83374
6711	170142	83347
6712	170164	83320
6713	170188	83294
6714	170216	83270
6715	170239	83244
6716	170264	83218
6717	170292	83194
6718	170316	83168
6719	170338	83141
6720	170362	83115
6721	170384	83088
6722	170406	83061
6723	170428	83034
6724	170451	83007
6725	170474	82981
6726	170497	82955
6727	170520	82928
6728	170543	82901
6729	170563	82874
6730	170586	82847
6731	170608	82820
6732	170630	82793
6733	170652	82766
6734	170673	82739
6735	170695	82712
6736	170717	82685
6737	170740	82658
6738	170762	82631
6739	170785	82605
6740	170808	82578
6741	170829	82551
6742	170849	82523
6743	170870	82496
6744	170891	82468
6745	170914	82442
6746	170935	82414
6747	170959	82389
6748	170982	82362
6749	171004	82335
6750	171025	82307
6751	171047	82281
6752	171069	82254
6753	171095	82229
6754	171120	82203
6755	171149	82179
6756	171170	82152
6757	171193	82126
6758	171215	82099
6759	171237	82072
6760	171259	82045
6761	171282	82019
6762	171307	81993
6763	171329	81966
6764	171350	81939
6765	171372	81912
6766	171393	81885
6767	171415	81857
6768	171436	81830
6769	171458	81803
6770	171479	81776
6771	171501	81749
6772	171523	81722
6773	171545	81695
6774	171569	81669
6775	171591	81642
6776	171612	81615
6777	171636	81589
6778	171659	81562
6779	171680	81535
6780	171703	81509
6781	171737	81487
6782	171758	81460
6783	171780	81433
6784	171803	81407
6785	171827	81381
6786	171849	81354
6787	171870	81327
6788	171892	81299
6789	171915	81273
6790	171938	81247
6791	171960	81220
6792	171983	81194
6793	172004	81166
6794	172026	81139
6795	172049	81113
6796	172071	81086
6797	172096	81060
6798	172119	81034
6799	172141	81007
6800	172166	80982
6801	172189	80955
6802	172210	80928
6803	172232	80901
6804	172253	80874
6805	172275	80847
6806	172300	80821
6807	172322	80794
6808	172345	80768
6809	172369	80742
6810	172394	80717
6811	172416	80690
6812	172441	80664
6813	172464	80638
6814	172488	80612
6815	172511	80586
6816	172534	80559
6817	172556	80533
6818	172578	80506
6819	172599	80478
6820	172620	80451
6821	172641	80424
6822	172664	80398
6823	172686	80371
6824	172708	80344
6825	172730	80317
6826	172753	80290
6827	172774	80263
6828	172799	80238
6829	172819	80210
6830	172840	80183
6831	172861	80156
6832	172886	80130
6833	172908	80103
6834	172929	80076
6835	172951	80049
6836	172973	80022
6837	172995	79995
6838	173016	79968
6839	173037	79941
6840	173059	79914
6841	173080	79887
6842	173108	79863
6843	173135	79838
6844	173160	79813
6845	173182	79786
6846	173204	79759
6847	173225	79732
6848	173246	79705
6849	173268	79678
6850	173300	79656
6851	173323	79629
6852	173360	79609
6853	173383	79583
6854	173408	79557
6855	173446	79538
6856	173471	79512
6857	173498	79488
6858	173527	79464
6859	173550	79438
6860	173574	79412
6861	173597	79386
6862	173620	79359
6863	173642	79333
6864	173664	79306
6865	173686	79279
6866	173708	79252
6867	173730	79226
6868	173752	79198
6869	173773	79172
6870	173796	79145
6871	173816	79118
6872	173837	79090
6873	173860	79064
6874	173882	79037
6875	173906	79011
6876	173928	78984
6877	173949	78957
6878	173973	78931
6879	173995	78904
6880	174015	78877
6881	174036	78850
6882	174058	78823
6883	174081	78796
6884	174107	78772
6885	174133	78746
6886	174162	78723
6887	174185	78696
6888	174211	78671
6889	174233	78645
6890	174256	78618
6891	174278	78592
6892	174300	78565
6893	174324	78539
6894	174346	78512
6895	174371	78487
6896	174392	78460
6897	174415	78433
6898	174437	78407
6899	174459	78380
6900	174481	78353
6901	174503	78326
6902	174525	78300
6903	174548	78273
6904	174570	78247
6905	174593	78220
6906	174618	78195
6907	174644	78170
6908	174665	78142
6909	174688	78116
6910	174711	78090
6911	174733	78063
6912	174755	78036
6913	174776	78009
6914	174799	77983
6915	174822	77957
6916	174843	77930
6917	174870	77905
6918	174891	77878
6919	174912	77851
6920	174935	77824
6921	174956	77797
6922	174979	77771
6923	175001	77744
6924	175023	77717
6925	175045	77691
6926	175068	77664
6927	175103	77644
6928	175127	77618
6929	175153	77593
6930	175178	77567
6931	175205	77543
6932	175230	77517
6933	175257	77493
6934	175284	77468
6935	175309	77443
6936	175335	77418
6937	175361	77393
6938	175384	77367
6939	175406	77340
6940	175429	77314
6941	175450	77287
6942	175472	77260
6943	175493	77233
6944	175514	77206
6945	175538	77180
6946	175562	77154
6947	175584	77127
6948	175609	77102
6949	175632	77076
6950	175657	77050
6951	175681	77025
6952	175703	76998
6953	175726	76971
6954	175750	76946
6955	175773	76919
6956	175798	76894
6957	175820	76867
6958	175843	76841
6959	175871	76817
6960	175907	76796
6961	175935	76772
6962	175957	76746
6963	175979	76719
6964	176000	76692
6965	176023	76665
6966	176044	76638
6967	176066	76612
6968	176094	76588
6969	176116	76561
6970	176137	76534
6971	176159	76507
6972	176182	76481
6973	176218	76460
6974	176240	76433
6975	176261	76406
6976	176283	76380
6977	176307	76354
6978	176329	76327
6979	176350	76300
6980	176372	76274
6981	176395	76247
6982	176417	76220
6983	176439	76194
6984	176461	76167
6985	176484	76141
6986	176506	76114
6987	176527	76087
6988	176549	76061
6989	176572	76035
6990	176598	76009
6991	176620	75983
6992	176644	75957
6993	176666	75930
6994	176687	75903
6995	176710	75877
6996	176732	75850
6997	176756	75824
6998	176780	75799
6999	176802	75772
7000	176824	75746
7001	176849	75720
7002	176872	75694
7003	176897	75668
7004	176919	75642
7005	176941	75615
7006	176968	75591
7007	176995	75566
7008	177018	75540
7009	177040	75513
7010	177063	75487
7011	177086	75461
7012	177107	75434
7013	177129	75407
7014	177151	75380
7015	177174	75354
7016	177196	75328
7017	177218	75301
7018	177239	75274
7019	177261	75247
7020	177284	75221
7021	177306	75194
7022	177328	75168
7023	177350	75141
7024	177373	75115
7025	177395	75088
7026	177417	75062
7027	177440	75035
7028	177462	75009
7029	177483	74982
7030	177506	74956
7031	177530	74930
7032	177551	74903
7033	177577	74878
7034	177598	74851
7035	177625	74826
7036	177648	74800
7037	177671	74774
7038	177693	74747
7039	177716	74721
7040	177738	74695
7041	177761	74668
7042	177782	74642
7043	177804	74615
7044	177826	74588
7045	177848	74562
7046	177870	74535
7047	177891	74508
7048	177915	74482
7049	177936	74455
7050	177966	74432
7051	177987	74405
7052	178009	74378
7053	178030	74351
7054	178052	74325
7055	178075	74298
7056	178097	74272
7057	178118	74245
7058	178140	74218
7059	178162	74192
7060	178184	74165
7061	178209	74140
7062	178230	74113
7063	178251	74086
7064	178273	74059
7065	178295	74033
7066	178318	74006
7067	178339	73980
7068	178361	73953
7069	178383	73926
7070	178404	73900
7071	178428	73874
7072	178450	73847
7073	178471	73820
7074	178507	73799
7075	178529	73773
7076	178551	73746
7077	178573	73720
7078	178595	73693
7079	178616	73666
7080	178638	73640
7081	178660	73613
7082	178683	73587
7083	178705	73560
7084	178727	73534
7085	178749	73507
7086	178771	73481
7087	178792	73454
7088	178815	73427
7089	178836	73401
7090	178857	73374
7091	178879	73347
7092	178901	73321
7093	178924	73294
7094	178946	73268
7095	178971	73243
7096	178992	73216
7097	179014	73189
7098	179036	73163
7099	179057	73136
7100	179081	73110
7101	179114	73088
7102	179136	73061
7103	179159	73035
7104	179180	73008
7105	179202	72982
7106	179225	72956
7107	179246	72929
7108	179268	72902
7109	179292	72876
7110	179316	72851
7111	179341	72825
7112	179363	72799
7113	179385	72772
7114	179407	72746
7115	179433	72721
7116	179455	72695
7117	179477	72668
7118	179499	72642
7119	179521	72615
7120	179543	72588
7121	179566	72562
7122	179587	72535
7123	179609	72509
7124	179631	72482
7125	179653	72456
7126	179675	72429
7127	179699	72404
7128	179725	72379
7129	179749	72353
7130	179771	72327
7131	179795	72301
7132	179827	72278
7133	179853	72254
7134	179885	72231
7135	179918	72209
7136	179948	72186
7137	179974	72161
7138	180001	72136
7139	180028	72112
7140	180054	72087
7141	180084	72064
7142	180111	72039
7143	180145	72017
7144	180172	71993
7145	180195	71967
7146	180222	71942
7147	180246	71916
7148	180279	71894
7149	180302	71868
7150	180380	71864
7151	180407	71840
7152	180433	71815
7153	180460	71790
7154	180484	71764
7155	180509	71739
7156	180533	71714
7157	180559	71689
7158	180585	71664
7159	180611	71639
7160	180637	71614
7161	180661	71588
7162	180686	71563
7163	180708	71536
7164	180731	71510
7165	180755	71484
7166	180778	71458
7167	180803	71433
7168	180827	71407
7169	180851	71382
7170	180888	71361
7171	180917	71337
7172	180946	71314
7173	180970	71288
7174	180992	71261
7175	181015	71235
7176	181046	71212
7177	181069	71186
7178	181093	71161
7179	181117	71135
7180	181141	71109
7181	181165	71084
7182	181189	71058
7183	181213	71032
7184	181236	71006
7185	181260	70980
7186	181287	70956
7187	181310	70930
7188	181341	70907
7189	181368	70882
7190	181392	70856
7191	181416	70831
7192	181442	70806
7193	181465	70780
7194	181493	70755
7195	181522	70732
7196	181550	70708
7197	181573	70681
7198	181595	70655
7199	181619	70629
7200	181644	70604
7201	181668	70578
7202	181691	70552
7203	181716	70527
7204	181739	70501
7205	181762	70475
7206	181786	70449
7207	181809	70423
7208	181833	70397
7209	181868	70376
7210	181907	70356
7211	181941	70334
7212	181985	70316
7213	182013	70292
7214	182043	70268
7215	182072	70245
7216	182095	70219
7217	182120	70193
7218	182147	70169
7219	182173	70144
7220	182200	70119
7221	182222	70093
7222	182245	70067
7223	182267	70040
7224	182291	70015
7225	182314	69988
7226	182336	69962
7227	182358	69936
7228	182381	69910
7229	182403	69883
7230	182425	69857
7231	182448	69831
7232	182473	69805
7233	182496	69779
7234	182518	69753
7235	182540	69726
7236	182563	69700
7237	182585	69674
7238	182608	69648
7239	182631	69621
7240	182655	69596
7241	182683	69572
7242	182708	69546
7243	182735	69522
7244	182760	69497
7245	182784	69471
7246	182807	69445
7247	182832	69419
7248	182856	69394
7249	182878	69367
7250	182900	69341
7251	182922	69314
7252	182945	69288
7253	182967	69262
7254	182991	69236
7255	183012	69209
7256	183035	69183
7257	183057	69157
7258	183081	69131
7259	183105	69105
7260	183142	69085
7261	183172	69061
7262	183200	69037
7263	183224	69011
7264	183250	68987
7265	183274	68961
7266	183296	68934
7267	183319	68908
7268	183342	68882
7269	183364	68856
7270	183386	68829
7271	183421	68808
7272	183446	68782
7273	183469	68757
7274	183497	68732
7275	183529	68710
7276	183553	68684
7277	183582	68660
7278	183605	68634
7279	183628	68608
7280	183652	68582
7281	183676	68557
7282	183699	68531
7283	183722	68505
7284	183747	68479
7285	183771	68454
7286	183794	68427
7287	183820	68402
7288	183843	68377
7289	183867	68351
7290	183898	68328
7291	183930	68305
7292	183958	68281
7293	183983	68256
7294	184007	68230
7295	184030	68204
7296	184054	68178
7297	184076	68152
7298	184103	68127
7299	184128	68102
7300	184166	68081
7301	184195	68057
7302	184217	68031
7303	184240	68005
7304	184264	67979
7305	184291	67955
7306	184326	67933
7307	184357	67910
7308	184380	67884
7309	184402	67858
7310	184425	67832
7311	184451	67807
7312	184473	67780
7313	184498	67755
7314	184527	67731
7315	184553	67706
7316	184576	67680
7317	184598	67654
7318	184619	67627
7319	184641	67601
7320	184666	67575
7321	184690	67550
7322	184715	67524
7323	184739	67499
7324	184764	67473
7325	184795	67450
7326	184820	67425
7327	184846	67400
7328	184872	67375
7329	184904	67352
7330	184933	67328
7331	184964	67305
7332	184993	67281
7333	185019	67256
7334	185046	67232
7335	185076	67208
7336	185104	67184
7337	185129	67159
7338	185163	67137
7339	185194	67113
7340	185222	67089
7341	185255	67067
7342	185287	67044
7343	185322	67022
7344	185353	66999
7345	185385	66976
7346	185410	66951
7347	185437	66927
7348	185461	66901
7349	185489	66877
7350	185518	66853
7351	185546	66829
7352	185574	66804
7353	185598	66779
7354	185630	66756
7355	185660	66732
7356	185701	66713
7357	185732	66690
7358	185755	66664
7359	185784	66639
7360	185824	66620
7361	185853	66596
7362	185884	66573
7363	185914	66549
7364	185940	66524
7365	185966	66499
7366	185997	66476
7367	186025	66452
7368	186053	66428
7369	186079	66402
7370	186105	66377
7371	186137	66354
7372	186162	66329
7373	186188	66304
7374	186212	66279
7375	186239	66254
7376	186265	66229
7377	186288	66203
7378	186311	66177
7379	186340	66153
7380	186370	66129
7381	186394	66104
7382	186421	66079
7383	186446	66054
7384	186470	66028
7385	186496	66003
7386	186524	65979
7387	186552	65955
7388	186580	65930
7389	186606	65905
7390	186633	65881
7391	186657	65855
7392	186682	65830
7393	186706	65804
7394	186731	65778
7395	186755	65753
7396	186780	65728
7397	186803	65702
7398	186828	65676
7399	186852	65651
7400	186879	65626
7401	186903	65600
7402	186927	65574
7403	186953	65549
7404	186979	65524
7405	187008	65501
7406	187036	65476
7407	187062	65451
7408	187086	65425
7409	187110	65400
7410	187135	65375
7411	187161	65349
7412	187184	65323
7413	187207	65297
7414	187231	65272
7415	187255	65246
7416	187281	65221
7417	187307	65196
7418	187333	65171
7419	187359	65146
7420	187388	65122
7421	187419	65099
7422	187452	65076
7423	187484	65053
7424	187515	65030
7425	187556	65010
7426	187591	64989
7427	187626	64967
7428	187660	64944
7429	187749	64941
7430	187778	64917
7431	187804	64892
7432	187831	64867
7433	187860	64844
7434	187884	64818
7435	187909	64792
7436	187936	64768
7437	187961	64742
7438	187985	64717
7439	188009	64691
7440	188034	64666
7441	188058	64640
7442	188082	64614
7443	188106	64589
7444	188131	64563
7445	188155	64537
7446	188179	64512
7447	188204	64486
7448	188228	64461
7449	188251	64435
7450	188276	64409
7451	188306	64386
7452	188330	64360
7453	188351	64333
7454	188376	64308
7455	188402	64283
7456	188424	64256
7457	188447	64230
7458	188473	64205
7459	188496	64179
7460	188518	64153
7461	188543	64127
7462	188569	64103
7463	188597	64078
7464	188624	64054
7465	188649	64028
7466	188674	64003
7467	188701	63978
7468	188725	63952
7469	188748	63926
7470	188773	63901
7471	188798	63876
7472	188822	63850
7473	188845	63824
7474	188868	63798
7475	188891	63772
7476	188915	63746
7477	188939	63720
7478	188963	63695
7479	188986	63669
7480	189011	63643
7481	189034	63618
7482	189064	63594
7483	189089	63568
7484	189115	63543
7485	189138	63517
7486	189164	63492
7487	189194	63469
7488	189219	63443
7489	189244	63418
7490	189267	63392
7491	189289	63365
7492	189313	63340
7493	189339	63315
7494	189372	63292
7495	189394	63266
7496	189424	63242
7497	189446	63216
7498	189469	63190
7499	189492	63164
7500	189516	63138
7501	189539	63112
7502	189562	63086
7503	189590	63061
7504	189619	63038
7505	189642	63012
7506	189681	62991
7507	189708	62966
7508	189730	62940
7509	189755	62914
7510	189777	62888
7511	189801	62862
7512	189824	62836
7513	189845	62810
7514	189868	62784
7515	189891	62758
7516	189915	62732
7517	189938	62706
7518	189961	62680
7519	189983	62653
7520	190006	62628
7521	190029	62601
7522	190053	62576
7523	190075	62550
7524	190100	62524
7525	190123	62498
7526	190147	62473
7527	190171	62447
7528	190196	62422
7529	190221	62396
7530	190245	62370
7531	190269	62345
7532	190292	62319
7533	190316	62293
7534	190339	62267
7535	190363	62242
7536	190387	62216
7537	190411	62190
7538	190434	62164
7539	190458	62138
7540	190481	62113
7541	190504	62087
7542	190527	62061
7543	190550	62034
7544	190573	62008
7545	190596	61983
7546	190623	61958
7547	190649	61933
7548	190676	61908
7549	190699	61882
7550	190724	61857
7551	190749	61831
7552	190775	61806
7553	190800	61781
7554	190825	61756
7555	190851	61731
7556	190874	61705
7557	190900	61680
7558	190924	61654
7559	190953	61630
7560	190978	61605
7561	191004	61580
7562	191029	61554
7563	191055	61529
7564	191078	61503
7565	191103	61478
7566	191127	61452
7567	191152	61427
7568	191176	61401
7569	191200	61376
7570	191224	61350
7571	191248	61324
7572	191271	61298
7573	191294	61272
7574	191318	61247
7575	191348	61223
7576	191377	61199
7577	191400	61173
7578	191424	61147
7579	191447	61121
7580	191472	61096
7581	191496	61070
7582	191526	61046
7583	191550	61021
7584	191579	60997
7585	191603	60971
7586	191627	60946
7587	191651	60920
7588	191675	60894
7589	191699	60868
7590	191722	60843
7591	191745	60817
7592	191773	60792
7593	191797	60766
7594	191821	60741
7595	191846	60715
7596	191870	60690
7597	191894	60664
7598	191918	60639
7599	191941	60613
7600	191966	60587
7601	191989	60561
7602	192018	60537
7603	192042	60512
7604	192067	60486
7605	192090	60460
7606	192112	60434
7607	192136	60408
7608	192161	60383
7609	192185	60357
7610	192210	60332
7611	192234	60306
7612	192259	60281
7613	192288	60257
7614	192321	60234
7615	192355	60211
7616	192378	60186
7617	192409	60162
7618	192432	60136
7619	192457	60111
7620	192486	60087
7621	192509	60061
7622	192532	60035
7623	192555	60009
7624	192581	59984
7625	192608	59959
7626	192632	59934
7627	192659	59909
7628	192690	59885
7629	192716	59860
7630	192741	59835
7631	192763	59809
7632	192789	59784
7633	192812	59758
7634	192840	59733
7635	192865	59708
7636	192889	59682
7637	192913	59657
7638	192937	59631
7639	192961	59605
7640	192984	59579
7641	193012	59555
7642	193038	59530
7643	193062	59504
7644	193086	59479
7645	193111	59453
7646	193139	59429
7647	193166	59404
7648	193189	59378
7649	193225	59356
7650	193252	59332
7651	193288	59310
7652	193313	59284
7653	193337	59259
7654	193360	59233
7655	193387	59208
7656	193411	59182
7657	193435	59157
7658	193460	59131
7659	193483	59106
7660	193508	59080
7661	193539	59057
7662	193568	59033
7663	193592	59007
7664	193618	58982
7665	193641	58956
7666	193668	58931
7667	193692	58905
7668	193726	58883
7669	193749	58857
7670	193776	58832
7671	193801	58807
7672	193824	58781
7673	193847	58755
7674	193871	58729
7675	193898	58705
7676	193925	58680
7677	193949	58654
7678	193971	58628
7679	193992	58602
7680	194020	58577
7681	194043	58551
7682	194067	58525
7683	194088	58499
7684	194117	58475
7685	194142	58449
7686	194166	58424
7687	194197	58400
7688	194221	58375
7689	194243	58348
7690	194267	58323
7691	194295	58298
7692	194328	58275
7693	194354	58250
7694	194379	58225
7695	194402	58199
7696	194426	58173
7697	194448	58147
7698	194472	58122
7699	194496	58096
7700	194525	58072
7701	194549	58046
7702	194576	58021
7703	194611	57999
7704	194647	57977
7705	194678	57953
7706	194710	57930
7707	194733	57904
7708	194755	57878
7709	194777	57852
7710	194806	57828
7711	194831	57802
7712	194859	57778
7713	194885	57753
7714	194910	57727
7715	194945	57705
7716	194968	57679
7717	194991	57653
7718	195012	57627
7719	195039	57602
7720	195067	57577
7721	195096	57553
7722	195125	57529
7723	195194	57517
7724	195220	57491
7725	195247	57467
7726	195276	57443
7727	195301	57417
7728	195327	57392
7729	195352	57367
7730	195377	57342
7731	195406	57318
7732	195435	57293
7733	195461	57268
7734	195484	57242
7735	195510	57217
7736	195534	57191
7737	195558	57166
7738	195582	57140
7739	195604	57114
7740	195633	57090
7741	195657	57064
7742	195680	57038
7743	195707	57014
7744	195734	56989
7745	195759	56963
7746	195784	56938
7747	195813	56914
7748	195838	56889
7749	195861	56862
7750	195885	56837
7751	195907	56811
7752	195937	56787
7753	195958	56760
7754	195981	56734
7755	196005	56709
7756	196032	56684
7757	196064	56661
7758	196087	56635
7759	196110	56609
7760	196136	56584
7761	196157	56557
7762	196181	56531
7763	196204	56506
7764	196228	56480
7765	196251	56454
7766	196274	56428
7767	196299	56403
7768	196327	56378
7769	196350	56352
7770	196373	56327
7771	196396	56301
7772	196418	56274
7773	196441	56248
7774	196465	56223
7775	196490	56197
7776	196512	56171
7777	196536	56146
7778	196561	56120
7779	196586	56095
7780	196612	56070
7781	196637	56045
7782	196662	56019
7783	196686	55994
7784	196712	55968
7785	196736	55943
7786	196759	55917
7787	196784	55891
7788	196808	55866
7789	196832	55840
7790	196858	55815
7791	196882	55790
7792	196905	55764
7793	196928	55738
7794	196952	55712
7795	196975	55686
7796	197003	55662
7797	197028	55637
7798	197050	55610
7799	197072	55584
7800	197102	55560
7801	197141	55539
7802	197165	55513
7803	197189	55487
7804	197213	55462
7805	197238	55436
7806	197262	55411
7807	197286	55385
7808	197309	55359
7809	197332	55333
7810	197362	55310
7811	197386	55284
7812	197409	55258
7813	197438	55234
7814	197460	55207
7815	197483	55182
7816	197506	55156
7817	197529	55130
7818	197553	55104
7819	197577	55079
7820	197600	55053
7821	197623	55027
7822	197646	55001
7823	197670	54975
7824	197693	54949
7825	197717	54924
7826	197741	54898
7827	197764	54872
7828	197787	54846
7829	197816	54822
7830	197839	54796
7831	197861	54770
7832	197884	54744
7833	197906	54718
7834	197928	54692
7835	197952	54666
7836	197974	54640
7837	197998	54615
7838	198021	54589
7839	198043	54563
7840	198065	54536
7841	198090	54511
7842	198114	54485
7843	198136	54459
7844	198159	54433
7845	198182	54407
7846	198205	54382
7847	198229	54356
7848	198253	54330
7849	198275	54304
7850	198301	54279
7851	198330	54255
7852	198353	54229
7853	198376	54203
7854	198399	54177
7855	198421	54151
7856	198443	54125
7857	198463	54098
7858	198486	54073
7859	198510	54047
7860	198533	54021
7861	198556	53995
7862	198581	53970
7863	198604	53944
7864	198628	53918
7865	198650	53892
7866	198673	53866
7867	198702	53842
7868	198725	53816
7869	198750	53791
7870	198779	53767
7871	198809	53743
7872	198832	53717
7873	198855	53691
7874	198889	53668
7875	198912	53642
7876	198934	53616
7877	198957	53590
7878	198980	53564
7879	199003	53539
7880	199026	53513
7881	199048	53487
7882	199071	53461
7883	199101	53437
7884	199123	53410
7885	199147	53385
7886	199171	53359
7887	199194	53334
7888	199221	53309
7889	199246	53283
7890	199273	53259
7891	199296	53233
7892	199319	53207
7893	199345	53182
7894	199367	53156
7895	199392	53130
7896	199416	53105
7897	199441	53080
7898	199464	53054
7899	199488	53028
7900	199512	53002
7901	199535	52977
7902	199557	52951
7903	199579	52924
7904	199603	52899
7905	199628	52874
7906	199656	52849
7907	199679	52823
7908	199702	52797
7909	199740	52775
7910	199764	52750
7911	199787	52724
7912	199809	52698
7913	199832	52672
7914	199855	52646
7915	199880	52621
7916	199904	52595
7917	199927	52569
7918	199950	52544
7919	199973	52518
7920	199995	52492
7921	200018	52466
7922	200041	52440
7923	200064	52414
7924	200087	52388
7925	200110	52363
7926	200133	52337
7927	200156	52311
7928	200179	52285
7929	200203	52259
7930	200226	52234
7931	200250	52208
7932	200272	52182
7933	200296	52156
7934	200317	52130
7935	200340	52104
7936	200365	52079
7937	200387	52053
7938	200414	52028
7939	200442	52003
7940	200465	51978
7941	200489	51952
7942	200514	51927
7943	200537	51901
7944	200561	51875
7945	200585	51850
7946	200607	51824
7947	200631	51798
7948	200670	51776
7949	200701	51753
7950	200725	51727
7951	200751	51702
7952	200773	51676
7953	200796	51650
7954	200818	51624
7955	200841	51598
7956	200862	51572
7957	200883	51546
7958	200905	51520
7959	200927	51494
7960	200952	51468
7961	200987	51445
7962	201008	51419
7963	201030	51393
7964	201053	51367
7965	201078	51342
7966	201103	51317
7967	201126	51291
7968	201150	51265
7969	201174	51240
7970	201198	51214
7971	201230	51191
7972	201253	51165
7973	201275	51139
7974	201299	51113
7975	201320	51087
7976	201342	51061
7977	201363	51034
7978	201386	51009
7979	201410	50983
7980	201433	50957
7981	201455	50931
7982	201478	50906
7983	201503	50880
7984	201524	50854
7985	201547	50828
7986	201571	50802
7987	201592	50776
7988	201613	50750
7989	201636	50724
7990	201657	50698
7991	201681	50672
7992	201705	50647
7993	201731	50622
7994	201756	50596
7995	201781	50571
7996	201805	50546
7997	201829	50520
7998	201851	50494
7999	201878	50469
8000	201905	50444
8001	201935	50420
8002	201955	50394
8003	201978	50368
8004	201999	50342
8005	202021	50316
8006	202046	50290
8007	202069	50265
8008	202092	50239
8009	202121	50214
8010	202148	50190
8011	202171	50164
8012	202193	50138
8013	202217	50112
8014	202240	50087
8015	202263	50061
8016	202284	50035
8017	202312	50010
8018	202334	49984
8019	202356	49958
8020	202379	49932
8021	202406	49907
8022	202434	49883
8023	202456	49857
8024	202478	49831
8025	202499	49804
8026	202521	49778
8027	202545	49753
8028	202567	49727
8029	202589	49701
8030	202626	49678
8031	202649	49653
8032	202676	49628
8033	202699	49602
8034	202728	49578
8035	202751	49552
8036	202779	49527
8037	202802	49502
8038	202829	49477
8039	202855	49452
8040	202879	49426
8041	202902	49401
8042	202925	49375
8043	202947	49349
8044	202970	49323
8045	202994	49297
8046	203017	49272
8047	203038	49245
8048	203069	49222
8049	203092	49196
8050	203114	49170
8051	203134	49143
8052	203158	49118
8053	203180	49092
8054	203206	49067
8055	203228	49041
8056	203248	49014
8057	203277	48990
8058	203299	48964
8059	203324	48939
8060	203348	48913
8061	203373	48888
8062	203398	48863
8063	203421	48837
8064	203445	48811
8065	203469	48786
8066	203490	48760
8067	203513	48734
8068	203536	48708
8069	203561	48683
8070	203582	48657
8071	203611	48632
8072	203642	48608
8073	203670	48584
8074	203696	48559
8075	203720	48533
8076	203744	48508
8077	203767	48482
8078	203789	48456
8079	203811	48430
8080	203836	48405
8081	203859	48379
8082	203884	48354
8083	203906	48328
8084	203930	48302
8085	203960	48278
8086	203985	48253
8087	204008	48227
8088	204031	48201
8089	204054	48175
8090	204075	48149
8091	204099	48124
8092	204120	48098
8093	204141	48071
8094	204164	48046
8095	204187	48020
8096	204209	47994
8097	204232	47968
8098	204256	47943
8099	204281	47917
8100	204304	47892
8101	204327	47866
8102	204350	47840
8103	204373	47814
8104	204396	47789
8105	204419	47763
8106	204441	47737
8107	204463	47711
8108	204486	47685
8109	204509	47660
8110	204533	47634
8111	204557	47609
8112	204579	47583
8113	204602	47557
8114	204626	47531
8115	204649	47506
8116	204672	47480
8117	204697	47455
8118	204718	47429
8119	204742	47403
8120	204764	47377
8121	204786	47351
8122	204807	47325
8123	204829	47299
8124	204850	47273
8125	204873	47247
8126	204897	47221
8127	204925	47197
8128	204952	47172
8129	204979	47147
8130	205006	47123
8131	205031	47097
8132	205055	47072
8133	205077	47046
8134	205100	47020
8135	205139	46998
8136	205165	46973
8137	205187	46947
8138	205211	46922
8139	205235	46896
8140	205260	46871
8141	205284	46845
8142	205308	46820
8143	205333	46795
8144	205356	46769
8145	205381	46744
8146	205404	46718
8147	205426	46692
8148	205454	46667
8149	205479	46642
8150	205502	46616
8151	205526	46591
8152	205551	46566
8153	205574	46540
8154	205598	46514
8155	205621	46489
8156	205646	46463
8157	205668	46437
8158	205691	46412
8159	205714	46386
8160	205739	46361
8161	205760	46335
8162	205783	46309
8163	205807	46284
8164	205838	46260
8165	205871	46236
8166	205896	46211
8167	205918	46185
8168	205941	46159
8169	205965	46134
8170	205989	46108
8171	206013	46083
8172	206039	46058
8173	206064	46033
8174	206090	46007
8175	206114	45982
8176	206138	45956
8177	206160	45931
8178	206185	45905
8179	206207	45880
8180	206231	45854
8181	206258	45829
8182	206283	45804
8183	206307	45778
8184	206329	45753
8185	206351	45726
8186	206374	45701
8187	206400	45676
8188	206424	45650
8189	206448	45625
8190	206471	45599
8191	206494	45573
8192	206524	45549
8193	206547	45524
8194	206571	45498
8195	206594	45473
8196	206618	45447
8197	206640	45421
8198	206663	45395
8199	206686	45370
8200	206710	45344
8201	206732	45318
8202	206756	45293
8203	206779	45267
8204	206802	45241
8205	206825	45216
8206	206847	45190
8207	206869	45164
8208	206894	45139
8209	206917	45113
8210	206941	45088
8211	206963	45062
8212	206985	45036
8213	207006	45010
8214	207030	44984
8215	207053	44959
8216	207076	44933
8217	207111	44910
8218	207139	44885
8219	207161	44859
8220	207184	44834
8221	207208	44808
8222	207232	44783
8223	207256	44757
8224	207279	44732
8225	207303	44706
8226	207326	44680
8227	207347	44654
8228	207370	44629
8229	207393	44603
8230	207417	44577
8231	207438	44551
8232	207459	44525
8233	207482	44500
8234	207505	44474
8235	207527	44448
8236	207549	44422
8237	207573	44397
8238	207595	44371
8239	207617	44345
8240	207640	44319
8241	207662	44294
8242	207684	44268
8243	207707	44242
8244	207730	44216
8245	207752	44190
8246	207774	44164
8247	207796	44139
8248	207818	44113
8249	207839	44087
8250	207873	44063
8251	207898	44038
8252	207925	44013
8253	207953	43989
8254	207980	43964
8255	208004	43938
8256	208035	43914
8257	208058	43889
8258	208081	43863
8259	208105	43838
8260	208128	43812
8261	208150	43786
8262	208172	43760
8263	208194	43734
8264	208216	43709
8265	208238	43683
8266	208261	43657
8267	208284	43631
8268	208306	43606
8269	208329	43580
8270	208354	43555
8271	208379	43529
8272	208403	43504
8273	208425	43478
8274	208449	43453
8275	208472	43427
8276	208495	43401
8277	208518	43376
8278	208540	43350
8279	208563	43324
8280	208586	43299
8281	208609	43273
8282	208634	43248
8283	208656	43222
8284	208680	43197
8285	208702	43171
8286	208723	43145
8287	208745	43119
8288	208768	43093
8289	208790	43067
8290	208815	43042
8291	208838	43016
8292	208860	42991
8293	208883	42965
8294	208904	42939
8295	208935	42915
8296	208959	42890
8297	208981	42864
8298	209003	42838
8299	209025	42812
8300	209047	42786
8301	209083	42763
8302	209107	42738
8303	209129	42712
8304	209151	42686
8305	209176	42661
8306	209199	42635
8307	209222	42610
8308	209247	42584
8309	209270	42559
8310	209293	42533
8311	209317	42508
8312	209340	42482
8313	209362	42456
8314	209384	42430
8315	209407	42405
8316	209430	42379
8317	209452	42353
8318	209475	42328
8319	209497	42302
8320	209521	42276
8321	209544	42251
8322	209567	42225
8323	209591	42200
8324	209614	42174
8325	209637	42149
8326	209665	42124
8327	209688	42098
8328	209711	42073
8329	209733	42047
8330	209756	42021
8331	209778	41996
8332	209801	41970
8333	209824	41944
8334	209846	41918
8335	209868	41893
8336	209890	41867
8337	209912	41841
8338	209935	41815
8339	209963	41791
8340	209987	41765
8341	210009	41740
8342	210031	41714
8343	210052	41688
8344	210074	41662
8345	210097	41636
8346	210120	41611
8347	210142	41585
8348	210165	41559
8349	210186	41533
8350	210209	41508
8351	210230	41482
8352	210256	41457
8353	210278	41431
8354	210301	41405
8355	210323	41380
8356	210345	41354
8357	210368	41328
8358	210389	41302
8359	210412	41277
8360	210433	41251
8361	210463	41226
8362	210487	41201
8363	210512	41176
8364	210533	41150
8365	210555	41124
8366	210578	41098
8367	210601	41073
8368	210623	41047
8369	210646	41021
8370	210667	40996
8371	210690	40970
8372	210714	40945
8373	210739	40919
8374	210778	40897
8375	210804	40872
8376	210827	40846
8377	210849	40820
8378	210873	40795
8379	210907	40772
8380	210930	40746
8381	210952	40720
8382	210975	40695
8383	211000	40669
8384	211024	40644
8385	211046	40618
8386	211070	40593
8387	211101	40569
8388	211122	40543
8389	211145	40517
8390	211168	40492
8391	211190	40466
8392	211212	40440
8393	211235	40415
8394	211257	40389
8395	211279	40363
8396	211303	40338
8397	211326	40312
8398	211348	40286
8399	211370	40261
8400	211392	40235
8401	211415	40209
8402	211442	40184
8403	211465	40159
8404	211488	40133
8405	211513	40108
8406	211533	40082
8407	211557	40056
8408	211578	40031
8409	211604	40005
8410	211627	39980
8411	211650	39954
8412	211672	39929
8413	211694	39903
8414	211717	39877
8415	211740	39852
8416	211772	39828
8417	211793	39802
8418	211816	39776
8419	211844	39752
8420	211868	39726
8421	211889	39700
8422	211911	39675
8423	211933	39649
8424	211956	39623
8425	211979	39598
8426	212003	39573
8427	212027	39547
8428	212058	39523
8429	212080	39497
8430	212102	39472
8431	212124	39446
8432	212146	39420
8433	212168	39394
8434	212189	39368
8435	212216	39343
8436	212240	39318
8437	212263	39293
8438	212284	39267
8439	212307	39241
8440	212333	39216
8441	212361	39192
8442	212384	39166
8443	212407	39140
8444	212428	39114
8445	212454	39090
8446	212479	39064
8447	212500	39038
8448	212524	39013
8449	212547	38988
8450	212571	38962
8451	212595	38937
8452	212617	38911
8453	212640	38885
8454	212665	38860
8455	212687	38835
8456	212710	38809
8457	212732	38783
8458	212755	38758
8459	212777	38732
8460	212800	38706
8461	212821	38681
8462	212843	38655
8463	212865	38629
8464	212898	38605
8465	212935	38583
8466	212959	38557
8467	212982	38532
8468	213006	38506
8469	213032	38481
8470	213055	38456
8471	213078	38430
8472	213101	38405
8473	213123	38379
8474	213147	38353
8475	213169	38328
8476	213191	38302
8477	213214	38276
8478	213239	38251
8479	213262	38226
8480	213284	38200
8481	213308	38175
8482	213333	38149
8483	213367	38126
8484	213391	38101
8485	213412	38075
8486	213434	38049
8487	213458	38024
8488	213482	37998
8489	213504	37973
8490	213529	37947
8491	213553	37922
8492	213580	37897
8493	213605	37872
8494	213627	37846
8495	213651	37821
8496	213672	37795
8497	213700	37771
8498	213721	37745
8499	213743	37719
8500	213766	37693
8501	213794	37669
8502	213816	37643
8503	213838	37617
8504	213860	37592
8505	213883	37566
8506	213911	37541
8507	213934	37516
8508	213956	37490
8509	213978	37465
8510	214002	37439
8511	214025	37414
8512	214048	37388
8513	214072	37363
8514	214094	37337
8515	214115	37311
8516	214137	37286
8517	214159	37260
8518	214181	37234
8519	214203	37209
8520	214230	37184
8521	214253	37158
8522	214276	37133
8523	214299	37107
8524	214323	37082
8525	214346	37056
8526	214368	37031
8527	214390	37005
8528	214411	36979
8529	214432	36953
8530	214454	36928
8531	214483	36903
8532	214505	36877
8533	214526	36852
8534	214548	36826
8535	214571	36800
8536	214592	36775
8537	214615	36749
8538	214640	36724
8539	214665	36699
8540	214688	36673
8541	214712	36648
8542	214734	36622
8543	214756	36597
8544	214777	36571
8545	214798	36545
8546	214820	36519
8547	214841	36493
8548	214863	36468
8549	214884	36442
8550	214905	36416
8551	214937	36392
8552	214968	36368
8553	214990	36342
8554	215025	36319
8555	215048	36293
8556	215071	36268
8557	215098	36243
8558	215119	36217
8559	215140	36191
8560	215163	36166
8561	215184	36140
8562	215205	36114
8563	215227	36089
8564	215248	36063
8565	215269	36037
8566	215291	36011
8567	215311	35985
8568	215335	35960
8569	215362	35935
8570	215388	35910
8571	215412	35885
8572	215435	35859
8573	215457	35834
8574	215478	35808
8575	215500	35782
8576	215522	35757
8577	215544	35731
8578	215567	35705
8579	215602	35682
8580	215625	35656
8581	215648	35631
8582	215674	35606
8583	215696	35580
8584	215718	35555
8585	215741	35529
8586	215762	35503
8587	215785	35478
8588	215807	35452
8589	215830	35427
8590	215853	35401
8591	215875	35376
8592	215897	35350
8593	215920	35325
8594	215944	35299
8595	215967	35274
8596	215989	35248
8597	216012	35223
8598	216034	35197
8599	216055	35171
8600	216081	35146
8601	216103	35121
8602	216126	35095
8603	216153	35070
8604	216174	35045
8605	216200	35020
8606	216221	34994
8607	216242	34968
8608	216265	34943
8609	216286	34917
8610	216309	34891
8611	216332	34866
8612	216361	34841
8613	216383	34816
8614	216405	34790
8615	216428	34765
8616	216449	34739
8617	216471	34713
8618	216493	34688
8619	216514	34662
8620	216535	34636
8621	216557	34611
8622	216580	34585
8623	216602	34559
8624	216623	34534
8625	216645	34508
8626	216666	34482
8627	216688	34457
8628	216709	34431
8629	216732	34405
8630	216754	34380
8631	216776	34354
8632	216799	34329
8633	216821	34303
8634	216842	34277
8635	216868	34252
8636	216892	34227
8637	216914	34202
8638	216935	34176
8639	216957	34150
8640	216978	34124
8641	216998	34099
8642	217020	34073
8643	217043	34047
8644	217064	34022
8645	217088	33997
8646	217112	33971
8647	217134	33946
8648	217155	33920
8649	217182	33895
8650	217207	33870
8651	217229	33844
8652	217262	33820
8653	217284	33795
8654	217306	33769
8655	217332	33744
8656	217355	33719
8657	217380	33694
8658	217402	33668
8659	217423	33642
8660	217447	33617
8661	217469	33592
8662	217491	33566
8663	217512	33540
8664	217535	33515
8665	217559	33490
8666	217583	33464
8667	217607	33439
8668	217630	33414
8669	217660	33389
8670	217683	33364
8671	217705	33338
8672	217726	33312
8673	217747	33287
8674	217770	33261
8675	217793	33236
8676	217815	33210
8677	217836	33185
8678	217857	33159
8679	217881	33134
8680	217904	33108
8681	217928	33083
8682	217948	33057
8683	217969	33031
8684	217991	33006
8685	218013	32980
8686	218035	32955
8687	218060	32929
8688	218083	32904
8689	218106	32879
8690	218135	32854
8691	218158	32829
8692	218182	32803
8693	218205	32778
8694	218226	32752
8695	218250	32727
8696	218271	32701
8697	218295	32676
8698	218318	32651
8699	218344	32626
8700	218366	32600
8701	218391	32575
8702	218414	32550
8703	218441	32525
8704	218468	32500
8705	218492	32475
8706	218513	32449
8707	218535	32424
8708	218558	32398
8709	218578	32372
8710	218603	32347
8711	218628	32322
8712	218657	32297
8713	218678	32272
8714	218700	32246
8715	218723	32221
8716	218746	32195
8717	218768	32170
8718	218792	32145
8719	218815	32119
8720	218837	32094
8721	218858	32068
8722	218880	32042
8723	218902	32017
8724	218924	31991
8725	218947	31966
8726	218970	31941
8727	218994	31915
8728	219016	31890
8729	219040	31864
8730	219063	31839
8731	219086	31814
8732	219110	31788
8733	219133	31763
8734	219156	31738
8735	219179	31712
8736	219208	31688
8737	219236	31663
8738	219260	31638
8739	219282	31612
8740	219305	31587
8741	219328	31562
8742	219351	31536
8743	219374	31511
8744	219398	31485
8745	219421	31460
8746	219442	31434
8747	219464	31409
8748	219487	31384
8749	219509	31358
8750	219531	31332
8751	219554	31307
8752	219576	31282
8753	219598	31256
8754	219622	31231
8755	219648	31206
8756	219670	31180
8757	219692	31155
8758	219715	31129
8759	219737	31104
8760	219759	31078
8761	219784	31053
8762	219806	31028
8763	219829	31002
8764	219849	30977
8765	219872	30951
8766	219895	30926
8767	219917	30900
8768	219938	30875
8769	219960	30849
8770	219983	30824
8771	220007	30799
8772	220029	30773
8773	220052	30748
8774	220073	30722
8775	220097	30697
8776	220119	30671
8777	220143	30646
8778	220167	30621
8779	220192	30596
8780	220217	30571
8781	220240	30545
8782	220263	30520
8783	220286	30494
8784	220309	30469
8785	220337	30445
8786	220359	30419
8787	220381	30394
8788	220403	30368
8789	220426	30343
8790	220449	30317
8791	220470	30292
8792	220494	30266
8793	220517	30241
8794	220540	30216
8795	220563	30190
8796	220585	30165
8797	220610	30140
8798	220632	30114
8799	220654	30089
8800	220679	30064
8801	220700	30038
8802	220722	30013
8803	220746	29987
8804	220770	29962
8805	220792	29937
8806	220813	29911
8807	220835	29885
8808	220857	29860
8809	220879	29835
8810	220903	29809
8811	220926	29784
8812	220949	29759
8813	220974	29734
8814	220997	29708
8815	221020	29683
8816	221044	29658
8817	221066	29632
8818	221089	29607
8819	221112	29581
8820	221134	29556
8821	221164	29531
8822	221199	29508
8823	221222	29482
8824	221244	29457
8825	221268	29432
8826	221291	29406
8827	221314	29381
8828	221344	29357
8829	221367	29331
8830	221390	29306
8831	221413	29281
8832	221442	29256
8833	221466	29231
8834	221488	29205
8835	221510	29180
8836	221532	29154
8837	221553	29129
8838	221575	29103
8839	221599	29078
8840	221620	29053
8841	221642	29027
8842	221663	29002
8843	221686	28976
8844	221708	28951
8845	221731	28925
8846	221753	28900
8847	221773	28874
8848	221796	28849
8849	221825	28824
8850	221846	28799
8851	221868	28773
8852	221896	28749
8853	221922	28724
8854	221945	28698
8855	221966	28673
8856	221988	28647
8857	222009	28622
8858	222031	28596
8859	222054	28571
8860	222076	28545
8861	222098	28520
8862	222121	28495
8863	222152	28470
8864	222179	28446
8865	222204	28420
8866	222227	28395
8867	222248	28370
8868	222269	28344
8869	222292	28319
8870	222315	28293
8871	222338	28268
8872	222360	28242
8873	222382	28217
8874	222404	28192
8875	222429	28167
8876	222454	28141
8877	222476	28116
8878	222500	28091
8879	222523	28065
8880	222551	28041
8881	222574	28016
8882	222597	27990
8883	222619	27965
8884	222642	27939
8885	222664	27914
8886	222686	27889
8887	222709	27863
8888	222731	27838
8889	222753	27812
8890	222775	27787
8891	222797	27762
8892	222819	27736
8893	222843	27711
8894	222864	27685
8895	222886	27660
8896	222909	27635
8897	222931	27609
8898	222954	27584
8899	222977	27558
8900	223000	27533
8901	223023	27508
8902	223045	27482
8903	223067	27457
8904	223090	27432
8905	223115	27407
8906	223146	27382
8907	223215	27363
8908	223237	27337
8909	223259	27312
8910	223281	27286
8911	223302	27261
8912	223324	27235
8913	223348	27210
8914	223371	27185
8915	223393	27160
8916	223416	27134
8917	223441	27109
8918	223466	27084
8919	223489	27059
8920	223512	27033
8921	223538	27009
8922	223568	26984
8923	223597	26960
8924	223623	26935
8925	223651	26910
8926	223676	26885
8927	223698	26859
8928	223723	26834
8929	223749	26809
8930	223777	26785
8931	223800	26759
8932	223823	26734
8933	223846	26709
8934	223870	26684
8935	223892	26658
8936	223919	26633
8937	223943	26608
8938	223970	26583
8939	224001	26559
8940	224028	26534
8941	224065	26510
8942	224091	26485
8943	224115	26460
8944	224144	26436
8945	224175	26411
8946	224201	26387
8947	224237	26363
8948	224275	26339
8949	224314	26316
8950	224343	26291
8951	224390	26269
8952	224431	26245
8953	224489	26224
8954	224533	26201
8955	224569	26178
8956	224618	26155
8957	224641	26130
8958	224679	26106
8959	224720	26083
8960	224750	26059
8961	224774	26033
8962	224807	26009
8963	224835	25985
8964	224899	25964
8965	224930	25939
8966	224957	25915
8967	225001	25892
8968	225032	25867
8969	225058	25842
8970	225082	25817
8971	225110	25792
8972	225138	25768
8973	225163	25743
8974	225187	25717
8975	225218	25693
8976	225246	25668
8977	225275	25643
8978	225298	25618
8979	225326	25593
8980	225351	25568
8981	225378	25543
8982	225400	25518
8983	225422	25493
8984	225446	25467
8985	225472	25442
8986	225495	25417
8987	225519	25392
8988	225541	25366
8989	225565	25341
8990	225590	25316
8991	225638	25294
8992	225662	25268
8993	225685	25243
8994	225709	25218
8995	225735	25193
8996	225764	25168
8997	225790	25143
8998	225824	25119
8999	225854	25094
9000	225878	25069
9001	225902	25044
9002	225924	25019
9003	225949	24993
9004	225974	24968
9005	225998	24943
9006	226021	24918
9007	226044	24892
9008	226068	24867
9009	226090	24842
9010	226115	24817
9011	226138	24791
9012	226160	24766
9013	226183	24741
9014	226208	24716
9015	226234	24691
9016	226267	24666
9017	226293	24641
9018	226320	24616
9019	226346	24591
9020	226374	24567
9021	226401	24542
9022	226425	24517
9023	226455	24492
9024	226480	24467
9025	226502	24442
9026	226528	24417
9027	226560	24392
9028	226583	24367
9029	226610	24342
9030	226635	24317
9031	226656	24291
9032	226678	24266
9033	226702	24241
9034	226730	24216
9035	226779	24193
9036	226808	24169
9037	226831	24143
9038	226858	24118
9039	226885	24094
9040	226929	24070
9041	226959	24046
9042	226984	24021
9043	227009	23996
9044	227033	23970
9045	227062	23946
9046	227087	23921
9047	227112	23896
9048	227139	23871
9049	227164	23845
9050	227194	23821
9051	227222	23796
9052	227248	23771
9053	227278	23747
9054	227305	23722
9055	227332	23697
9056	227361	23672
9057	227388	23647
9058	227415	23622
9059	227437	23597
9060	227467	23572
9061	227493	23547
9062	227519	23522
9063	227544	23497
9064	227569	23472
9065	227595	23447
9066	227622	23422
9067	227649	23397
9068	227672	23372
9069	227694	23346
9070	227754	23325
9071	227777	23299
9072	227801	23274
9073	227837	23250
9074	227862	23225
9075	227888	23200
9076	227913	23175
9077	227940	23150
9078	227965	23125
9079	227990	23100
9080	228020	23075
9081	228046	23050
9082	228069	23025
9083	228092	23000
9084	228114	22974
9085	228139	22949
9086	228162	22924
9087	228185	22898
9088	228206	22873
9089	228227	22847
9090	228248	22822
9091	228270	22796
9092	228292	22771
9093	228319	22746
9094	228342	22721
9095	228366	22696
9096	228389	22670
9097	228410	22645
9098	228432	22619
9099	228456	22594
9100	228477	22569
9101	228500	22543
9102	228523	22518
9103	228546	22493
9104	228569	22467
9105	228591	22442
9106	228617	22417
9107	228640	22392
9108	228689	22369
9109	228716	22344
9110	228738	22319
9111	228759	22293
9112	228783	22268
9113	228808	22243
9114	228832	22217
9115	228856	22192
9116	228884	22167
9117	228910	22142
9118	228933	22117
9119	228958	22092
9120	228981	22067
9121	229004	22041
9122	229025	22016
9123	229048	21991
9124	229072	21965
9125	229094	21940
9126	229117	21915
9127	229143	21890
9128	229167	21864
9129	229195	21840
9130	229222	21815
9131	229245	21789
9132	229271	21764
9133	229296	21739
9134	229320	21714
9135	229342	21689
9136	229363	21663
9137	229386	21638
9138	229409	21613
9139	229430	21587
9140	229462	21563
9141	229484	21537
9142	229508	21512
9143	229533	21487
9144	229557	21462
9145	229582	21437
9146	229604	21411
9147	229628	21386
9148	229650	21361
9149	229675	21335
9150	229700	21310
9151	229722	21285
9152	229745	21260
9153	229771	21235
9154	229798	21210
9155	229826	21185
9156	229847	21159
9157	229868	21134
9158	229893	21109
9159	229916	21084
9160	229940	21058
9161	229963	21033
9162	229990	21008
9163	230013	20983
9164	230039	20958
9165	230062	20933
9166	230085	20907
9167	230108	20882
9168	230132	20857
9169	230156	20832
9170	230185	20807
9171	230207	20781
9172	230236	20757
9173	230261	20732
9174	230285	20706
9175	230309	20681
9176	230336	20656
9177	230358	20631
9178	230380	20605
9179	230404	20580
9180	230432	20555
9181	230455	20530
9182	230476	20505
9183	230497	20479
9184	230518	20454
9185	230540	20428
9186	230563	20403
9187	230584	20378
9188	230605	20352
9189	230627	20327
9190	230649	20301
9191	230671	20276
9192	230706	20252
9193	230729	20227
9194	230750	20201
9195	230775	20176
9196	230798	20151
9197	230821	20126
9198	230844	20100
9199	230872	20075
9200	230893	20050
9201	230919	20025
9202	230949	20000
9203	230977	19975
9204	231007	19951
9205	231037	19926
9206	231061	19901
9207	231084	19876
9208	231108	19850
9209	231143	19826
9210	231223	19806
9211	231576	19809
9212	231734	19795
9213	232020	19792
9214	233262	19870
9215	233360	19851
9216	233411	19828
9217	233455	19804
9218	233484	19779
9219	233516	19755
9220	233576	19732
9221	233628	19709
9222	233657	19684
9223	233709	19661
9224	233745	19637
9225	233779	19612
9226	233811	19587
9227	233836	19562
9228	233862	19537
9229	233889	19511
9230	233918	19486
9231	233942	19461
9232	233971	19436
9233	233997	19411
9234	234023	19385
9235	234053	19360
9236	234082	19335
9237	234121	19311
9238	234154	19286
9239	234186	19262
9240	234212	19236
9241	234241	19211
9242	234267	19186
9243	234293	19161
9244	234372	19140
9245	234401	19115
9246	234437	19090
9247	234491	19067
9248	234527	19043
9249	234590	19020
9250	234783	19009
9251	234837	18985
9252	234866	18960
9253	234902	18936
9254	234943	18912
9255	234972	18887
9256	234999	18861
9257	235025	18836
9258	235053	18811
9259	235080	18786
9260	235104	18760
9261	235126	18734
9262	235150	18709
9263	235174	18683
9264	235197	18658
9265	235222	18633
9266	235247	18607
9267	235270	18582
9268	235293	18556
9269	235317	18530
9270	235344	18505
9271	235369	18480
9272	235392	18454
9273	235416	18429
9274	235439	18403
9275	235466	18378
9276	235488	18352
9277	235513	18327
9278	235541	18302
9279	235566	18276
9280	235595	18251
9281	235620	18226
9282	235645	18200
9283	235669	18175
9284	235693	18149
9285	235717	18124
9286	235740	18098
9287	235762	18073
9288	235784	18047
9289	235808	18021
9290	235837	17996
9291	235870	17972
9292	235895	17946
9293	235918	17921
9294	235941	17895
9295	235966	17870
9296	235989	17844
9297	236014	17819
9298	236043	17794
9299	236069	17768
9300	236094	17743
9301	236125	17718
9302	236160	17693
9303	236183	17668
9304	236204	17642
9305	236225	17616
9306	236254	17591
9307	236288	17566
9308	236337	17543
9309	236360	17517
9310	236386	17492
9311	236414	17467
9312	236441	17441
9313	236467	17416
9314	236489	17390
9315	236512	17365
9316	236536	17339
9317	236567	17314
9318	236591	17289
9319	236615	17263
9320	236638	17238
9321	236662	17212
9322	236694	17187
9323	236718	17162
9324	236741	17136
9325	236767	17111
9326	236793	17086
9327	236819	17060
9328	236848	17035
9329	236873	17010
9330	236901	16984
9331	236926	16959
9332	236950	16934
9333	236975	16908
9334	237000	16883
9335	237026	16857
9336	237051	16832
9337	237077	16807
9338	237101	16781
9339	237126	16756
9340	237156	16731
9341	237183	16705
9342	237215	16681
9343	237239	16655
9344	237262	16629
9345	237286	16604
9346	237308	16578
9347	237333	16553
9348	237366	16528
9349	237390	16503
9350	237414	16477
9351	237438	16452
9352	237461	16426
9353	237484	16401
9354	237517	16376
9355	237541	16350
9356	237565	16325
9357	237589	16299
9358	237612	16274
9359	237634	16248
9360	237658	16223
9361	237681	16197
9362	237705	16171
9363	237728	16146
9364	237754	16121
9365	237785	16096
9366	237806	16070
9367	237830	16044
9368	237858	16019
9369	237888	15994
9370	237914	15969
9371	237940	15943
9372	237965	15918
9373	237990	15893
9374	238015	15867
9375	238039	15842
9376	238063	15816
9377	238089	15791
9378	238116	15766
9379	238140	15740
9380	238165	15715
9381	238188	15689
9382	238212	15664
9383	238238	15638
9384	238266	15613
9385	238290	15588
9386	238316	15562
9387	238341	15537
9388	238366	15511
9389	238390	15486
9390	238425	15461
9391	238486	15438
9392	238557	15416
9393	238611	15392
9394	238645	15367
9395	238678	15342
9396	238702	15317
9397	238732	15292
9398	238757	15266
9399	238783	15241
9400	238805	15215
9401	238827	15190
9402	238851	15164
9403	238877	15139
9404	238901	15113
9405	238925	15088
9406	238947	15062
9407	238970	15037
9408	238991	15011
9409	239013	14985
9410	239036	14960
9411	239065	14935
9412	239088	14909
9413	239114	14884
9414	239139	14858
9415	239167	14833
9416	239194	14808
9417	239224	14783
9418	239251	14757
9419	239275	14732
9420	239299	14706
9421	239324	14681
9422	239348	14656
9423	239370	14630
9424	239393	14604
9425	239416	14579
9426	239439	14553
9427	239461	14528
9428	239484	14502
9429	239509	14477
9430	239534	14451
9431	239559	14426
9432	239583	14400
9433	239610	14375
9434	239636	14350
9435	239661	14324
9436	239691	14299
9437	239716	14274
9438	239739	14248
9439	239762	14223
9440	239785	14197
9441	239807	14172
9442	239829	14146
9443	239852	14120
9444	239875	14095
9445	239897	14069
9446	239923	14044
9447	239958	14019
9448	239981	13994
9449	240004	13968
9450	240028	13943
9451	240052	13917
9452	240076	13892
9453	240099	13866
9454	240122	13841
9455	240148	13815
9456	240174	13790
9457	240201	13764
9458	240222	13739
9459	240245	13713
9460	240268	13688
9461	240293	13662
9462	240318	13637
9463	240347	13612
9464	240379	13587
9465	240402	13561
9466	240425	13536
9467	240448	13510
9468	240470	13485
9469	240493	13459
9470	240516	13433
9471	240539	13408
9472	240562	13382
9473	240585	13357
9474	240608	13331
9475	240630	13306
9476	240653	13280
9477	240676	13255
9478	240699	13229
9479	240721	13204
9480	240745	13178
9481	240768	13153
9482	240791	13127
9483	240815	13102
9484	240839	13076
9485	240862	13051
9486	240884	13025
9487	240907	13000
9488	240930	12974
9489	240953	12949
9490	240975	12923
9491	240996	12897
9492	241018	12872
9493	241041	12846
9494	241063	12821
9495	241086	12795
9496	241110	12770
9497	241134	12744
9498	241159	12719
9499	241182	12693
9500	241206	12668
9501	241230	12642
9502	241261	12617
9503	241284	12592
9504	241305	12566
9505	241328	12541
9506	241350	12515
9507	241374	12490
9508	241397	12464
9509	241421	12439
9510	241448	12413
9511	241472	12388
9512	241495	12362
9513	241518	12337
9514	241541	12311
9515	241570	12286
9516	241593	12261
9517	241615	12235
9518	241638	12210
9519	241661	12184
9520	241685	12159
9521	241708	12133
9522	241731	12108
9523	241755	12082
9524	241776	12057
9525	241798	12031
9526	241821	12006
9527	241844	11980
9528	241868	11955
9529	241891	11929
9530	241914	11904
9531	241938	11878
9532	241961	11853
9533	241984	11827
9534	242007	11802
9535	242031	11776
9536	242055	11751
9537	242083	11725
9538	242106	11700
9539	242129	11675
9540	242153	11649
9541	242177	11624
9542	242202	11598
9543	242226	11573
9544	242250	11547
9545	242278	11522
9546	242310	11497
9547	242333	11471
9548	242355	11446
9549	242379	11421
9550	242406	11395
9551	242428	11370
9552	242452	11344
9553	242475	11319
9554	242497	11293
9555	242519	11268
9556	242547	11242
9557	242571	11217
9558	242594	11192
9559	242616	11166
9560	242642	11141
9561	242669	11115
9562	242692	11090
9563	242716	11064
9564	242739	11039
9565	242762	11013
9566	242785	10988
9567	242808	10962
9568	242831	10937
9569	242853	10911
9570	242877	10886
9571	242898	10860
9572	242919	10835
9573	242940	10809
9574	242964	10784
9575	242989	10758
9576	243013	10733
9577	243037	10708
9578	243060	10682
9579	243082	10657
9580	243109	10631
9581	243134	10606
9582	243158	10580
9583	243181	10555
9584	243204	10529
9585	243226	10504
9586	243249	10478
9587	243273	10453
9588	243295	10428
9589	243316	10402
9590	243339	10376
9591	243363	10351
9592	243388	10326
9593	243410	10300
9594	243434	10275
9595	243460	10249
9596	243482	10224
9597	243508	10199
9598	243531	10173
9599	243555	10148
9600	243577	10122
9601	243600	10097
9602	243623	10071
9603	243646	10046
9604	243669	10020
9605	243693	9995
9606	243718	9969
9607	243740	9944
9608	243769	9919
9609	243801	9894
9610	243834	9869
9611	243860	9843
9612	243885	9818
9613	243909	9792
9614	243931	9767
9615	243955	9741
9616	243983	9716
9617	244006	9691
9618	244029	9665
9619	244052	9640
9620	244075	9614
9621	244096	9589
9622	244119	9563
9623	244143	9538
9624	244169	9513
9625	244204	9488
9626	244236	9462
9627	244261	9437
9628	244284	9412
9629	244309	9386
9630	244338	9361
9631	244361	9336
9632	244386	9310
9633	244409	9285
9634	244433	9259
9635	244458	9234
9636	244482	9208
9637	244505	9183
9638	244529	9158
9639	244552	9132
9640	244574	9107
9641	244596	9081
9642	244620	9056
9643	244645	9030
9644	244669	9005
9645	244692	8980
9646	244715	8954
9647	244739	8929
9648	244762	8903
9649	244783	8878
9650	244817	8853
9651	244843	8827
9652	244866	8802
9653	244889	8776
9654	244914	8751
9655	244936	8726
9656	244959	8700
9657	244981	8675
9658	245003	8649
9659	245026	8624
9660	245050	8598
9661	245073	8573
9662	245097	8547
9663	245119	8522
9664	245141	8496
9665	245171	8471
9666	245193	8446
9667	245216	8420
9668	245238	8395
9669	245262	8369
9670	245285	8344
9671	245309	8319
9672	245331	8293
9673	245353	8268
9674	245376	8242
9675	245397	8217
9676	245423	8191
9677	245450	8166
9678	245473	8141
9679	245496	8115
9680	245520	8090
9681	245542	8064
9682	245566	8039
9683	245589	8013
9684	245612	7988
9685	245634	7962
9686	245658	7937
9687	245680	7912
9688	245701	7886
9689	245723	7861
9690	245746	7835
9691	245770	7810
9692	245793	7784
9693	245815	7759
9694	245843	7734
9695	245864	7708
9696	245890	7683
9697	245913	7657
9698	245936	7632
9699	245965	7607
9700	245992	7581
9701	246015	7556
9702	246037	7530
9703	246059	7505
9704	246082	7480
9705	246109	7454
9706	246136	7429
9707	246160	7404
9708	246185	7378
9709	246219	7353
9710	246242	7328
9711	246273	7303
9712	246303	7277
9713	246328	7252
9714	246357	7227
9715	246387	7201
9716	246413	7176
9717	246445	7151
9718	246470	7126
9719	246497	7100
9720	246521	7075
9721	246550	7050
9722	246574	7024
9723	246598	6999
9724	246621	6973
9725	246647	6948
9726	246676	6923
9727	246700	6897
9728	246722	6872
9729	246746	6847
9730	246768	6821
9731	246793	6796
9732	246815	6770
9733	246837	6745
9734	246858	6719
9735	246887	6694
9736	246908	6669
9737	246930	6643
9738	246961	6618
9739	246984	6593
9740	247007	6567
9741	247048	6542
9742	247072	6517
9743	247095	6491
9744	247116	6466
9745	247139	6440
9746	247161	6415
9747	247188	6390
9748	247213	6364
9749	247236	6339
9750	247261	6314
9751	247284	6288
9752	247314	6263
9753	247338	6237
9754	247361	6212
9755	247386	6187
9756	247410	6161
9757	247435	6136
9758	247463	6111
9759	247486	6085
9760	247510	6060
9761	247535	6034
9762	247558	6009
9763	247583	5984
9764	247610	5958
9765	247637	5933
9766	247663	5908
9767	247688	5882
9768	247712	5857
9769	247735	5832
9770	247757	5806
9771	247780	5781
9772	247806	5755
9773	247832	5730
9774	247867	5705
9775	247889	5679
9776	247912	5654
9777	247936	5629
9778	247959	5603
9779	247982	5578
9780	248004	5552
9781	248027	5527
9782	248051	5502
9783	248075	5476
9784	248099	5451
9785	248123	5425
9786	248147	5400
9787	248171	5375
9788	248196	5349
9789	248220	5324
9790	248243	5299
9791	248276	5273
9792	248301	5248
9793	248326	5223
9794	248350	5197
9795	248374	5172
9796	248398	5146
9797	248423	5121
9798	248447	5096
9799	248469	5070
9800	248493	5045
9801	248515	5020
9802	248540	4994
9803	248563	4969
9804	248586	4943
9805	248612	4918
9806	248640	4893
9807	248670	4867
9808	248697	4842
9809	248731	4817
9810	248758	4792
9811	248783	4766
9812	248807	4741
9813	248833	4716
9814	248859	4690
9815	248883	4665
9816	248905	4639
9817	248933	4614
9818	248957	4589
9819	248979	4563
9820	249004	4538
9821	249027	4513
9822	249050	4487
9823	249074	4462
9824	249100	4436
9825	249125	4411
9826	249149	4386
9827	249172	4360
9828	249195	4335
9829	249221	4310
9830	249245	4284
9831	249268	4259
9832	249292	4233
9833	249317	4208
9834	249343	4183
9835	249367	4157
9836	249391	4132
9837	249414	4107
9838	249439	4081
9839	249461	4056
9840	249486	4030
9841	249510	4005
9842	249535	3980
9843	249560	3954
9844	249584	3929
9845	249609	3904
9846	249634	3878
9847	249660	3853
9848	249683	3828
9849	249707	3802
9850	249733	3777
9851	249757	3751
9852	249781	3726
9853	249805	3701
9854	249827	3675
9855	249851	3650
9856	249874	3625
9857	249899	3599
9858	249924	3574
9859	249947	3548
9860	249972	3523
9861	250000	3498
9862	250023	3472
9863	250052	3447
9864	250076	3422
9865	250100	3396
9866	250122	3371
9867	250145	3346
9868	250169	3320
9869	250191	3295
9870	250214	3269
9871	250238	3244
9872	250261	3219
9873	250284	3193
9874	250308	3168
9875	250333	3143
9876	250358	3117
9877	250384	3092
9878	250408	3067
9879	250432	3041
9880	250456	3016
9881	250479	2990
9882	250502	2965
9883	250532	2940
9884	250562	2914
9885	250586	2889
9886	250612	2864
9887	250635	2838
9888	250659	2813
9889	250685	2788
9890	250709	2762
9891	250732	2737
9892	250756	2712
9893	250779	2686
9894	250801	2661
9895	250825	2635
9896	250849	2610
9897	250874	2585
9898	250899	2559
9899	250924	2534
9900	250947	2509
9901	250970	2483
9902	250995	2458
9903	251020	2433
9904	251044	2407
9905	251067	2382
9906	251091	2357
9907	251114	2331
9908	251139	2306
9909	251181	2281
9910	251207	2255
9911	251231	2230
9912	251255	2205
9913	251280	2179
9914	251304	2154
9915	251332	2129
9916	251357	2103
9917	251382	2078
9918	251407	2053
9919	251429	2027
9920	251453	2002
9921	251476	1976
9922	251499	1951
9923	251521	1926
9924	251545	1900
9925	251570	1875
9926	251597	1850
9927	251621	1824
9928	251644	1799
9929	251674	1774
9930	251698	1748
9931	251723	1723
9932	251747	1698
9933	251770	1672
9934	251793	1647
9935	251817	1622
9936	251842	1596
9937	251864	1571
9938	251887	1545
9939	251915	1520
9940	251950	1495
9941	251976	1469
9942	252000	1444
9943	252023	1419
9944	252046	1393
9945	252069	1368
9946	252092	1343
9947	252115	1317
9948	252138	1292
9949	252162	1267
9950	252195	1241
9951	252220	1216
9952	252243	1191
9953	252266	1165
9954	252289	1140
9955	252312	1115
9956	252335	1089
9957	252358	1064
9958	252381	1039
9959	252405	1013
9960	252428	988
9961	252451	962
9962	252474	937
9963	252497	912
9964	252523	886
9965	252546	861
9966	252574	836
9967	252598	810
9968	252621	785
9969	252645	760
9970	252669	734
9971	252692	709
9972	252714	684
9973	252744	658
9974	252767	633
9975	252791	608
9976	252822	582
9977	252847	557
9978	252871	532
9979	252895	506
9980	252921	481
9981	252944	456
9982	252968	430
9983	252991	405
9984	253014	380
9985	253038	354
9986	253062	329
9987	253088	304
9988	253111	278
9989	253135	253
9990	253158	228
9991	253181	202
9992	253205	177
9993	253231	152
9994	253254	126
9995	253278	101
9996	253300	76
9997	253325	50
9998	253348	25
9999	253372	0
